

╭──────────────────────────────────────────────────────────────────────────────╮
│                                                                              │
│                                                                              │
│                         ▄▀▀ ▄▀█ █▀▀ ▀█▀ █▀▄▀█ █▀▀ █▀█                        │
│                         █▀  █▀█ ▄▄█  █  █ ▀ █ █▄▄ █▀▀                        │
│                                                                              │
│                                                                              │
│                                                                              │
│                                FastMCP 3.4.7                                 │
│                            https://gofastmcp.com                             │
│                                                                              │
│                  🖥  Server:      Alpaca MCP Server, 3.4.7                    │
│                  🚀 Deploy free: https://horizon.prefect.io                  │
│                                                                              │
╰──────────────────────────────────────────────────────────────────────────────╯


[08/27/26 14:11:48] INFO     Starting MCP server 'Alpaca MCP    transport.py:241
                             Server' with transport 'stdio'                     


╭──────────────────────────────────────────────────────────────────────────────╮
│                                                                              │
│                                                                              │
│                         ▄▀▀ ▄▀█ █▀▀ ▀█▀ █▀▄▀█ █▀▀ █▀█                        │
│                         █▀  █▀█ ▄▄█  █  █ ▀ █ █▄▄ █▀▀                        │
│                                                                              │
│                                                                              │
│                                                                              │
│                                FastMCP 3.4.7                                 │
│                            https://gofastmcp.com                             │
│                                                                              │
│                  🖥  Server:      Alpaca MCP Server, 3.4.7                    │
│                  🚀 Deploy free: https://horizon.prefect.io                  │
│                                                                              │
╰──────────────────────────────────────────────────────────────────────────────╯


[08/27/26 14:11:49] INFO     Starting MCP server 'Alpaca MCP    transport.py:241
                             Server' with transport 'stdio'                     


╭──────────────────────────────────────────────────────────────────────────────╮
│                                                                              │
│                                                                              │
│                         ▄▀▀ ▄▀█ █▀▀ ▀█▀ █▀▄▀█ █▀▀ █▀█                        │
│                         █▀  █▀█ ▄▄█  █  █ ▀ █ █▄▄ █▀▀                        │
│                                                                              │
│                                                                              │
│                                                                              │
│                                FastMCP 3.4.7                                 │
│                            https://gofastmcp.com                             │
│                                                                              │
│                  🖥  Server:      Alpaca MCP Server, 3.4.7                    │
│                  🚀 Deploy free: https://horizon.prefect.io                  │
│                                                                              │
╰──────────────────────────────────────────────────────────────────────────────╯


[08/27/26 14:11:50] INFO     Starting MCP server 'Alpaca MCP    transport.py:241
                             Server' with transport 'stdio'                     


╭──────────────────────────────────────────────────────────────────────────────╮
│                                                                              │
│                                                                              │
│                         ▄▀▀ ▄▀█ █▀▀ ▀█▀ █▀▄▀█ █▀▀ █▀█                        │
│                         █▀  █▀█ ▄▄█  █  █ ▀ █ █▄▄ █▀▀                        │
│                                                                              │
│                                                                              │
│                                                                              │
│                                FastMCP 3.4.7                                 │
│                            https://gofastmcp.com                             │
│                                                                              │
│                  🖥  Server:      Alpaca MCP Server, 3.4.7                    │
│                  🚀 Deploy free: https://horizon.prefect.io                  │
│                                                                              │
╰──────────────────────────────────────────────────────────────────────────────╯


[08/27/26 14:11:51] INFO     Starting MCP server 'Alpaca MCP    transport.py:241
                             Server' with transport 'stdio'                     


╭──────────────────────────────────────────────────────────────────────────────╮
│                                                                              │
│                                                                              │
│                         ▄▀▀ ▄▀█ █▀▀ ▀█▀ █▀▄▀█ █▀▀ █▀█                        │
│                         █▀  █▀█ ▄▄█  █  █ ▀ █ █▄▄ █▀▀                        │
│                                                                              │
│                                                                              │
│                                                                              │
│                                FastMCP 3.4.7                                 │
│                            https://gofastmcp.com                             │
│                                                                              │
│                  🖥  Server:      Alpaca MCP Server, 3.4.7                    │
│                  🚀 Deploy free: https://horizon.prefect.io                  │
│                                                                              │
╰──────────────────────────────────────────────────────────────────────────────╯


[08/27/26 14:11:52] INFO     Starting MCP server 'Alpaca MCP    transport.py:241
                             Server' with transport 'stdio'                     


╭──────────────────────────────────────────────────────────────────────────────╮
│                                                                              │
│                                                                              │
│                         ▄▀▀ ▄▀█ █▀▀ ▀█▀ █▀▄▀█ █▀▀ █▀█                        │
│                         █▀  █▀█ ▄▄█  █  █ ▀ █ █▄▄ █▀▀                        │
│                                                                              │
│                                                                              │
│                                                                              │
│                                FastMCP 3.4.7                                 │
│                            https://gofastmcp.com                             │
│                                                                              │
│                  🖥  Server:      Alpaca MCP Server, 3.4.7                    │
│                  🚀 Deploy free: https://horizon.prefect.io                  │
│                                                                              │
╰──────────────────────────────────────────────────────────────────────────────╯


[08/27/26 14:11:52] INFO     Starting MCP server 'Alpaca MCP    transport.py:241
                             Server' with transport 'stdio'                     


╭──────────────────────────────────────────────────────────────────────────────╮
│                                                                              │
│                                                                              │
│                         ▄▀▀ ▄▀█ █▀▀ ▀█▀ █▀▄▀█ █▀▀ █▀█                        │
│                         █▀  █▀█ ▄▄█  █  █ ▀ █ █▄▄ █▀▀                        │
│                                                                              │
│                                                                              │
│                                                                              │
│                                FastMCP 3.4.7                                 │
│                            https://gofastmcp.com                             │
│                                                                              │
│                  🖥  Server:      Alpaca MCP Server, 3.4.7                    │
│                  🚀 Deploy free: https://horizon.prefect.io                  │
│                                                                              │
╰──────────────────────────────────────────────────────────────────────────────╯


[08/27/26 14:11:58] INFO     Starting MCP server 'Alpaca MCP    transport.py:241
                             Server' with transport 'stdio'                     


╭──────────────────────────────────────────────────────────────────────────────╮
│                                                                              │
│                                                                              │
│                         ▄▀▀ ▄▀█ █▀▀ ▀█▀ █▀▄▀█ █▀▀ █▀█                        │
│                         █▀  █▀█ ▄▄█  █  █ ▀ █ █▄▄ █▀▀                        │
│                                                                              │
│                                                                              │
│                                                                              │
│                                FastMCP 3.4.7                                 │
│                            https://gofastmcp.com                             │
│                                                                              │
│                  🖥  Server:      Alpaca MCP Server, 3.4.7                    │
│                  🚀 Deploy free: https://horizon.prefect.io                  │
│                                                                              │
╰──────────────────────────────────────────────────────────────────────────────╯


[08/27/26 14:12:18] INFO     Starting MCP server 'Alpaca MCP    transport.py:241
                             Server' with transport 'stdio'                     


╭──────────────────────────────────────────────────────────────────────────────╮
│                                                                              │
│                                                                              │
│                         ▄▀▀ ▄▀█ █▀▀ ▀█▀ █▀▄▀█ █▀▀ █▀█                        │
│                         █▀  █▀█ ▄▄█  █  █ ▀ █ █▄▄ █▀▀                        │
│                                                                              │
│                                                                              │
│                                                                              │
│                                FastMCP 3.4.7                                 │
│                            https://gofastmcp.com                             │
│                                                                              │
│                  🖥  Server:      Alpaca MCP Server, 3.4.7                    │
│                  🚀 Deploy free: https://horizon.prefect.io                  │
│                                                                              │
╰──────────────────────────────────────────────────────────────────────────────╯


[08/27/26 14:12:22] INFO     Starting MCP server 'Alpaca MCP    transport.py:241
                             Server' with transport 'stdio'                     


╭──────────────────────────────────────────────────────────────────────────────╮
│                                                                              │
│                                                                              │
│                         ▄▀▀ ▄▀█ █▀▀ ▀█▀ █▀▄▀█ █▀▀ █▀█                        │
│                         █▀  █▀█ ▄▄█  █  █ ▀ █ █▄▄ █▀▀                        │
│                                                                              │
│                                                                              │
│                                                                              │
│                                FastMCP 3.4.7                                 │
│                            https://gofastmcp.com                             │
│                                                                              │
│                  🖥  Server:      Alpaca MCP Server, 3.4.7                    │
│                  🚀 Deploy free: https://horizon.prefect.io                  │
│                                                                              │
╰──────────────────────────────────────────────────────────────────────────────╯


[08/27/26 14:12:24] INFO     Starting MCP server 'Alpaca MCP    transport.py:241
                             Server' with transport 'stdio'                     


╭──────────────────────────────────────────────────────────────────────────────╮
│                                                                              │
│                                                                              │
│                         ▄▀▀ ▄▀█ █▀▀ ▀█▀ █▀▄▀█ █▀▀ █▀█                        │
│                         █▀  █▀█ ▄▄█  █  █ ▀ █ █▄▄ █▀▀                        │
│                                                                              │
│                                                                              │
│                                                                              │
│                                FastMCP 3.4.7                                 │
│                            https://gofastmcp.com                             │
│                                                                              │
│                  🖥  Server:      Alpaca MCP Server, 3.4.7                    │
│                  🚀 Deploy free: https://horizon.prefect.io                  │
│                                                                              │
╰──────────────────────────────────────────────────────────────────────────────╯


[08/27/26 14:12:42] INFO     Starting MCP server 'Alpaca MCP    transport.py:241
                             Server' with transport 'stdio'                     


╭──────────────────────────────────────────────────────────────────────────────╮
│                                                                              │
│                                                                              │
│                         ▄▀▀ ▄▀█ █▀▀ ▀█▀ █▀▄▀█ █▀▀ █▀█                        │
│                         █▀  █▀█ ▄▄█  █  █ ▀ █ █▄▄ █▀▀                        │
│                                                                              │
│                                                                              │
│                                                                              │
│                                FastMCP 3.4.7                                 │
│                            https://gofastmcp.com                             │
│                                                                              │
│                  🖥  Server:      Alpaca MCP Server, 3.4.7                    │
│                  🚀 Deploy free: https://horizon.prefect.io                  │
│                                                                              │
╰──────────────────────────────────────────────────────────────────────────────╯


[08/27/26 14:12:57] INFO     Starting MCP server 'Alpaca MCP    transport.py:241
                             Server' with transport 'stdio'                     


╭──────────────────────────────────────────────────────────────────────────────╮
│                                                                              │
│                                                                              │
│                         ▄▀▀ ▄▀█ █▀▀ ▀█▀ █▀▄▀█ █▀▀ █▀█                        │
│                         █▀  █▀█ ▄▄█  █  █ ▀ █ █▄▄ █▀▀                        │
│                                                                              │
│                                                                              │
│                                                                              │
│                                FastMCP 3.4.7                                 │
│                            https://gofastmcp.com                             │
│                                                                              │
│                  🖥  Server:      Alpaca MCP Server, 3.4.7                    │
│                  🚀 Deploy free: https://horizon.prefect.io                  │
│                                                                              │
╰──────────────────────────────────────────────────────────────────────────────╯


[08/27/26 14:13:00] INFO     Starting MCP server 'Alpaca MCP    transport.py:241
                             Server' with transport 'stdio'                     


╭──────────────────────────────────────────────────────────────────────────────╮
│                                                                              │
│                                                                              │
│                         ▄▀▀ ▄▀█ █▀▀ ▀█▀ █▀▄▀█ █▀▀ █▀█                        │
│                         █▀  █▀█ ▄▄█  █  █ ▀ █ █▄▄ █▀▀                        │
│                                                                              │
│                                                                              │
│                                                                              │
│                                FastMCP 3.4.7                                 │
│                            https://gofastmcp.com                             │
│                                                                              │
│                  🖥  Server:      Alpaca MCP Server, 3.4.7                    │
│                  🚀 Deploy free: https://horizon.prefect.io                  │
│                                                                              │
╰──────────────────────────────────────────────────────────────────────────────╯


[08/27/26 14:13:02] INFO     Starting MCP server 'Alpaca MCP    transport.py:241
                             Server' with transport 'stdio'                     


╭──────────────────────────────────────────────────────────────────────────────╮
│                                                                              │
│                                                                              │
│                         ▄▀▀ ▄▀█ █▀▀ ▀█▀ █▀▄▀█ █▀▀ █▀█                        │
│                         █▀  █▀█ ▄▄█  █  █ ▀ █ █▄▄ █▀▀                        │
│                                                                              │
│                                                                              │
│                                                                              │
│                                FastMCP 3.4.7                                 │
│                            https://gofastmcp.com                             │
│                                                                              │
│                  🖥  Server:      Alpaca MCP Server, 3.4.7                    │
│                  🚀 Deploy free: https://horizon.prefect.io                  │
│                                                                              │
╰──────────────────────────────────────────────────────────────────────────────╯


[08/27/26 14:13:03] INFO     Starting MCP server 'Alpaca MCP    transport.py:241
                             Server' with transport 'stdio'                     


╭──────────────────────────────────────────────────────────────────────────────╮
│                                                                              │
│                                                                              │
│                         ▄▀▀ ▄▀█ █▀▀ ▀█▀ █▀▄▀█ █▀▀ █▀█                        │
│                         █▀  █▀█ ▄▄█  █  █ ▀ █ █▄▄ █▀▀                        │
│                                                                              │
│                                                                              │
│                                                                              │
│                                FastMCP 3.4.7                                 │
│                            https://gofastmcp.com                             │
│                                                                              │
│                  🖥  Server:      Alpaca MCP Server, 3.4.7                    │
│                  🚀 Deploy free: https://horizon.prefect.io                  │
│                                                                              │
╰──────────────────────────────────────────────────────────────────────────────╯


[08/27/26 14:13:06] INFO     Starting MCP server 'Alpaca MCP    transport.py:241
                             Server' with transport 'stdio'                     


╭──────────────────────────────────────────────────────────────────────────────╮
│                                                                              │
│                                                                              │
│                         ▄▀▀ ▄▀█ █▀▀ ▀█▀ █▀▄▀█ █▀▀ █▀█                        │
│                         █▀  █▀█ ▄▄█  █  █ ▀ █ █▄▄ █▀▀                        │
│                                                                              │
│                                                                              │
│                                                                              │
│                                FastMCP 3.4.7                                 │
│                            https://gofastmcp.com                             │
│                                                                              │
│                  🖥  Server:      Alpaca MCP Server, 3.4.7                    │
│                  🚀 Deploy free: https://horizon.prefect.io                  │
│                                                                              │
╰──────────────────────────────────────────────────────────────────────────────╯


[08/27/26 14:13:11] INFO     Starting MCP server 'Alpaca MCP    transport.py:241
                             Server' with transport 'stdio'                     


╭──────────────────────────────────────────────────────────────────────────────╮
│                                                                              │
│                                                                              │
│                         ▄▀▀ ▄▀█ █▀▀ ▀█▀ █▀▄▀█ █▀▀ █▀█                        │
│                         █▀  █▀█ ▄▄█  █  █ ▀ █ █▄▄ █▀▀                        │
│                                                                              │
│                                                                              │
│                                                                              │
│                                FastMCP 3.4.7                                 │
│                            https://gofastmcp.com                             │
│                                                                              │
│                  🖥  Server:      Alpaca MCP Server, 3.4.7                    │
│                  🚀 Deploy free: https://horizon.prefect.io                  │
│                                                                              │
╰──────────────────────────────────────────────────────────────────────────────╯


[08/27/26 14:13:17] INFO     Starting MCP server 'Alpaca MCP    transport.py:241
                             Server' with transport 'stdio'                     


╭──────────────────────────────────────────────────────────────────────────────╮
│                                                                              │
│                                                                              │
│                         ▄▀▀ ▄▀█ █▀▀ ▀█▀ █▀▄▀█ █▀▀ █▀█                        │
│                         █▀  █▀█ ▄▄█  █  █ ▀ █ █▄▄ █▀▀                        │
│                                                                              │
│                                                                              │
│                                                                              │
│                                FastMCP 3.4.7                                 │
│                            https://gofastmcp.com                             │
│                                                                              │
│                  🖥  Server:      Alpaca MCP Server, 3.4.7                    │
│                  🚀 Deploy free: https://horizon.prefect.io                  │
│                                                                              │
╰──────────────────────────────────────────────────────────────────────────────╯


[08/27/26 14:13:22] INFO     Starting MCP server 'Alpaca MCP    transport.py:241
                             Server' with transport 'stdio'                     


╭──────────────────────────────────────────────────────────────────────────────╮
│                                                                              │
│                                                                              │
│                         ▄▀▀ ▄▀█ █▀▀ ▀█▀ █▀▄▀█ █▀▀ █▀█                        │
│                         █▀  █▀█ ▄▄█  █  █ ▀ █ █▄▄ █▀▀                        │
│                                                                              │
│                                                                              │
│                                                                              │
│                                FastMCP 3.4.7                                 │
│                            https://gofastmcp.com                             │
│                                                                              │
│                  🖥  Server:      Alpaca MCP Server, 3.4.7                    │
│                  🚀 Deploy free: https://horizon.prefect.io                  │
│                                                                              │
╰──────────────────────────────────────────────────────────────────────────────╯


[08/27/26 14:13:32] INFO     Starting MCP server 'Alpaca MCP    transport.py:241
                             Server' with transport 'stdio'                     


╭──────────────────────────────────────────────────────────────────────────────╮
│                                                                              │
│                                                                              │
│                         ▄▀▀ ▄▀█ █▀▀ ▀█▀ █▀▄▀█ █▀▀ █▀█                        │
│                         █▀  █▀█ ▄▄█  █  █ ▀ █ █▄▄ █▀▀                        │
│                                                                              │
│                                                                              │
│                                                                              │
│                                FastMCP 3.4.7                                 │
│                            https://gofastmcp.com                             │
│                                                                              │
│                  🖥  Server:      Alpaca MCP Server, 3.4.7                    │
│                  🚀 Deploy free: https://horizon.prefect.io                  │
│                                                                              │
╰──────────────────────────────────────────────────────────────────────────────╯


[08/27/26 14:13:33] INFO     Starting MCP server 'Alpaca MCP    transport.py:241
                             Server' with transport 'stdio'                     


╭──────────────────────────────────────────────────────────────────────────────╮
│                                                                              │
│                                                                              │
│                         ▄▀▀ ▄▀█ █▀▀ ▀█▀ █▀▄▀█ █▀▀ █▀█                        │
│                         █▀  █▀█ ▄▄█  █  █ ▀ █ █▄▄ █▀▀                        │
│                                                                              │
│                                                                              │
│                                                                              │
│                                FastMCP 3.4.7                                 │
│                            https://gofastmcp.com                             │
│                                                                              │
│                  🖥  Server:      Alpaca MCP Server, 3.4.7                    │
│                  🚀 Deploy free: https://horizon.prefect.io                  │
│                                                                              │
╰──────────────────────────────────────────────────────────────────────────────╯


[08/27/26 14:13:52] INFO     Starting MCP server 'Alpaca MCP    transport.py:241
                             Server' with transport 'stdio'                     


╭──────────────────────────────────────────────────────────────────────────────╮
│                                                                              │
│                                                                              │
│                         ▄▀▀ ▄▀█ █▀▀ ▀█▀ █▀▄▀█ █▀▀ █▀█                        │
│                         █▀  █▀█ ▄▄█  █  █ ▀ █ █▄▄ █▀▀                        │
│                                                                              │
│                                                                              │
│                                                                              │
│                                FastMCP 3.4.7                                 │
│                            https://gofastmcp.com                             │
│                                                                              │
│                  🖥  Server:      Alpaca MCP Server, 3.4.7                    │
│                  🚀 Deploy free: https://horizon.prefect.io                  │
│                                                                              │
╰──────────────────────────────────────────────────────────────────────────────╯


[08/27/26 14:14:12] INFO     Starting MCP server 'Alpaca MCP    transport.py:241
                             Server' with transport 'stdio'                     


╭──────────────────────────────────────────────────────────────────────────────╮
│                                                                              │
│                                                                              │
│                         ▄▀▀ ▄▀█ █▀▀ ▀█▀ █▀▄▀█ █▀▀ █▀█                        │
│                         █▀  █▀█ ▄▄█  █  █ ▀ █ █▄▄ █▀▀                        │
│                                                                              │
│                                                                              │
│                                                                              │
│                                FastMCP 3.4.7                                 │
│                            https://gofastmcp.com                             │
│                                                                              │
│                  🖥  Server:      Alpaca MCP Server, 3.4.7                    │
│                  🚀 Deploy free: https://horizon.prefect.io                  │
│                                                                              │
╰──────────────────────────────────────────────────────────────────────────────╯


[08/27/26 14:14:32] INFO     Starting MCP server 'Alpaca MCP    transport.py:241
                             Server' with transport 'stdio'                     


╭──────────────────────────────────────────────────────────────────────────────╮
│                                                                              │
│                                                                              │
│                         ▄▀▀ ▄▀█ █▀▀ ▀█▀ █▀▄▀█ █▀▀ █▀█                        │
│                         █▀  █▀█ ▄▄█  █  █ ▀ █ █▄▄ █▀▀                        │
│                                                                              │
│                                                                              │
│                                                                              │
│                                FastMCP 3.4.7                                 │
│                            https://gofastmcp.com                             │
│                                                                              │
│                  🖥  Server:      Alpaca MCP Server, 3.4.7                    │
│                  🚀 Deploy free: https://horizon.prefect.io                  │
│                                                                              │
╰──────────────────────────────────────────────────────────────────────────────╯


[08/27/26 14:14:52] INFO     Starting MCP server 'Alpaca MCP    transport.py:241
                             Server' with transport 'stdio'                     


╭──────────────────────────────────────────────────────────────────────────────╮
│                                                                              │
│                                                                              │
│                         ▄▀▀ ▄▀█ █▀▀ ▀█▀ █▀▄▀█ █▀▀ █▀█                        │
│                         █▀  █▀█ ▄▄█  █  █ ▀ █ █▄▄ █▀▀                        │
│                                                                              │
│                                                                              │
│                                                                              │
│                                FastMCP 3.4.7                                 │
│                            https://gofastmcp.com                             │
│                                                                              │
│                  🖥  Server:      Alpaca MCP Server, 3.4.7                    │
│                  🚀 Deploy free: https://horizon.prefect.io                  │
│                                                                              │
╰──────────────────────────────────────────────────────────────────────────────╯


[08/27/26 14:15:12] INFO     Starting MCP server 'Alpaca MCP    transport.py:241
                             Server' with transport 'stdio'                     


╭──────────────────────────────────────────────────────────────────────────────╮
│                                                                              │
│                                                                              │
│                         ▄▀▀ ▄▀█ █▀▀ ▀█▀ █▀▄▀█ █▀▀ █▀█                        │
│                         █▀  █▀█ ▄▄█  █  █ ▀ █ █▄▄ █▀▀                        │
│                                                                              │
│                                                                              │
│                                                                              │
│                                FastMCP 3.4.7                                 │
│                            https://gofastmcp.com                             │
│                                                                              │
│                  🖥  Server:      Alpaca MCP Server, 3.4.7                    │
│                  🚀 Deploy free: https://horizon.prefect.io                  │
│                                                                              │
╰──────────────────────────────────────────────────────────────────────────────╯


[08/27/26 14:15:32] INFO     Starting MCP server 'Alpaca MCP    transport.py:241
                             Server' with transport 'stdio'                     


╭──────────────────────────────────────────────────────────────────────────────╮
│                                                                              │
│                                                                              │
│                         ▄▀▀ ▄▀█ █▀▀ ▀█▀ █▀▄▀█ █▀▀ █▀█                        │
│                         █▀  █▀█ ▄▄█  █  █ ▀ █ █▄▄ █▀▀                        │
│                                                                              │
│                                                                              │
│                                                                              │
│                                FastMCP 3.4.7                                 │
│                            https://gofastmcp.com                             │
│                                                                              │
│                  🖥  Server:      Alpaca MCP Server, 3.4.7                    │
│                  🚀 Deploy free: https://horizon.prefect.io                  │
│                                                                              │
╰──────────────────────────────────────────────────────────────────────────────╯


[08/27/26 14:15:52] INFO     Starting MCP server 'Alpaca MCP    transport.py:241
                             Server' with transport 'stdio'                     


╭──────────────────────────────────────────────────────────────────────────────╮
│                                                                              │
│                                                                              │
│                         ▄▀▀ ▄▀█ █▀▀ ▀█▀ █▀▄▀█ █▀▀ █▀█                        │
│                         █▀  █▀█ ▄▄█  █  █ ▀ █ █▄▄ █▀▀                        │
│                                                                              │
│                                                                              │
│                                                                              │
│                                FastMCP 3.4.7                                 │
│                            https://gofastmcp.com                             │
│                                                                              │
│                  🖥  Server:      Alpaca MCP Server, 3.4.7                    │
│                  🚀 Deploy free: https://horizon.prefect.io                  │
│                                                                              │
╰──────────────────────────────────────────────────────────────────────────────╯


[08/27/26 14:16:12] INFO     Starting MCP server 'Alpaca MCP    transport.py:241
                             Server' with transport 'stdio'                     


╭──────────────────────────────────────────────────────────────────────────────╮
│                                                                              │
│                                                                              │
│                         ▄▀▀ ▄▀█ █▀▀ ▀█▀ █▀▄▀█ █▀▀ █▀█                        │
│                         █▀  █▀█ ▄▄█  █  █ ▀ █ █▄▄ █▀▀                        │
│                                                                              │
│                                                                              │
│                                                                              │
│                                FastMCP 3.4.7                                 │
│                            https://gofastmcp.com                             │
│                                                                              │
│                  🖥  Server:      Alpaca MCP Server, 3.4.7                    │
│                  🚀 Deploy free: https://horizon.prefect.io                  │
│                                                                              │
╰──────────────────────────────────────────────────────────────────────────────╯


[08/27/26 14:16:32] INFO     Starting MCP server 'Alpaca MCP    transport.py:241
                             Server' with transport 'stdio'                     


╭──────────────────────────────────────────────────────────────────────────────╮
│                                                                              │
│                                                                              │
│                         ▄▀▀ ▄▀█ █▀▀ ▀█▀ █▀▄▀█ █▀▀ █▀█                        │
│                         █▀  █▀█ ▄▄█  █  █ ▀ █ █▄▄ █▀▀                        │
│                                                                              │
│                                                                              │
│                                                                              │
│                                FastMCP 3.4.7                                 │
│                            https://gofastmcp.com                             │
│                                                                              │
│                  🖥  Server:      Alpaca MCP Server, 3.4.7                    │
│                  🚀 Deploy free: https://horizon.prefect.io                  │
│                                                                              │
╰──────────────────────────────────────────────────────────────────────────────╯


[08/27/26 14:16:52] INFO     Starting MCP server 'Alpaca MCP    transport.py:241
                             Server' with transport 'stdio'                     


╭──────────────────────────────────────────────────────────────────────────────╮
│                                                                              │
│                                                                              │
│                         ▄▀▀ ▄▀█ █▀▀ ▀█▀ █▀▄▀█ █▀▀ █▀█                        │
│                         █▀  █▀█ ▄▄█  █  █ ▀ █ █▄▄ █▀▀                        │
│                                                                              │
│                                                                              │
│                                                                              │
│                                FastMCP 3.4.7                                 │
│                            https://gofastmcp.com                             │
│                                                                              │
│                  🖥  Server:      Alpaca MCP Server, 3.4.7                    │
│                  🚀 Deploy free: https://horizon.prefect.io                  │
│                                                                              │
╰──────────────────────────────────────────────────────────────────────────────╯


[08/27/26 14:17:12] INFO     Starting MCP server 'Alpaca MCP    transport.py:241
                             Server' with transport 'stdio'                     


╭──────────────────────────────────────────────────────────────────────────────╮
│                                                                              │
│                                                                              │
│                         ▄▀▀ ▄▀█ █▀▀ ▀█▀ █▀▄▀█ █▀▀ █▀█                        │
│                         █▀  █▀█ ▄▄█  █  █ ▀ █ █▄▄ █▀▀                        │
│                                                                              │
│                                                                              │
│                                                                              │
│                                FastMCP 3.4.7                                 │
│                            https://gofastmcp.com                             │
│                                                                              │
│                  🖥  Server:      Alpaca MCP Server, 3.4.7                    │
│                  🚀 Deploy free: https://horizon.prefect.io                  │
│                                                                              │
╰──────────────────────────────────────────────────────────────────────────────╯


[08/27/26 14:17:32] INFO     Starting MCP server 'Alpaca MCP    transport.py:241
                             Server' with transport 'stdio'                     


╭──────────────────────────────────────────────────────────────────────────────╮
│                                                                              │
│                                                                              │
│                         ▄▀▀ ▄▀█ █▀▀ ▀█▀ █▀▄▀█ █▀▀ █▀█                        │
│                         █▀  █▀█ ▄▄█  █  █ ▀ █ █▄▄ █▀▀                        │
│                                                                              │
│                                                                              │
│                                                                              │
│                                FastMCP 3.4.7                                 │
│                            https://gofastmcp.com                             │
│                                                                              │
│                  🖥  Server:      Alpaca MCP Server, 3.4.7                    │
│                  🚀 Deploy free: https://horizon.prefect.io                  │
│                                                                              │
╰──────────────────────────────────────────────────────────────────────────────╯


[08/27/26 14:17:52] INFO     Starting MCP server 'Alpaca MCP    transport.py:241
                             Server' with transport 'stdio'                     


╭──────────────────────────────────────────────────────────────────────────────╮
│                                                                              │
│                                                                              │
│                         ▄▀▀ ▄▀█ █▀▀ ▀█▀ █▀▄▀█ █▀▀ █▀█                        │
│                         █▀  █▀█ ▄▄█  █  █ ▀ █ █▄▄ █▀▀                        │
│                                                                              │
│                                                                              │
│                                                                              │
│                                FastMCP 3.4.7                                 │
│                            https://gofastmcp.com                             │
│                                                                              │
│                  🖥  Server:      Alpaca MCP Server, 3.4.7                    │
│                  🚀 Deploy free: https://horizon.prefect.io                  │
│                                                                              │
╰──────────────────────────────────────────────────────────────────────────────╯


[08/27/26 14:18:12] INFO     Starting MCP server 'Alpaca MCP    transport.py:241
                             Server' with transport 'stdio'                     


╭──────────────────────────────────────────────────────────────────────────────╮
│                                                                              │
│                                                                              │
│                         ▄▀▀ ▄▀█ █▀▀ ▀█▀ █▀▄▀█ █▀▀ █▀█                        │
│                         █▀  █▀█ ▄▄█  █  █ ▀ █ █▄▄ █▀▀                        │
│                                                                              │
│                                                                              │
│                                                                              │
│                                FastMCP 3.4.7                                 │
│                            https://gofastmcp.com                             │
│                                                                              │
│                  🖥  Server:      Alpaca MCP Server, 3.4.7                    │
│                  🚀 Deploy free: https://horizon.prefect.io                  │
│                                                                              │
╰──────────────────────────────────────────────────────────────────────────────╯


[08/27/26 14:18:32] INFO     Starting MCP server 'Alpaca MCP    transport.py:241
                             Server' with transport 'stdio'                     


╭──────────────────────────────────────────────────────────────────────────────╮
│                                                                              │
│                                                                              │
│                         ▄▀▀ ▄▀█ █▀▀ ▀█▀ █▀▄▀█ █▀▀ █▀█                        │
│                         █▀  █▀█ ▄▄█  █  █ ▀ █ █▄▄ █▀▀                        │
│                                                                              │
│                                                                              │
│                                                                              │
│                                FastMCP 3.4.7                                 │
│                            https://gofastmcp.com                             │
│                                                                              │
│                  🖥  Server:      Alpaca MCP Server, 3.4.7                    │
│                  🚀 Deploy free: https://horizon.prefect.io                  │
│                                                                              │
╰──────────────────────────────────────────────────────────────────────────────╯


[08/27/26 14:18:52] INFO     Starting MCP server 'Alpaca MCP    transport.py:241
                             Server' with transport 'stdio'                     


╭──────────────────────────────────────────────────────────────────────────────╮
│                                                                              │
│                                                                              │
│                         ▄▀▀ ▄▀█ █▀▀ ▀█▀ █▀▄▀█ █▀▀ █▀█                        │
│                         █▀  █▀█ ▄▄█  █  █ ▀ █ █▄▄ █▀▀                        │
│                                                                              │
│                                                                              │
│                                                                              │
│                                FastMCP 3.4.7                                 │
│                            https://gofastmcp.com                             │
│                                                                              │
│                  🖥  Server:      Alpaca MCP Server, 3.4.7                    │
│                  🚀 Deploy free: https://horizon.prefect.io                  │
│                                                                              │
╰──────────────────────────────────────────────────────────────────────────────╯


[08/27/26 14:19:12] INFO     Starting MCP server 'Alpaca MCP    transport.py:241
                             Server' with transport 'stdio'                     


╭──────────────────────────────────────────────────────────────────────────────╮
│                                                                              │
│                                                                              │
│                         ▄▀▀ ▄▀█ █▀▀ ▀█▀ █▀▄▀█ █▀▀ █▀█                        │
│                         █▀  █▀█ ▄▄█  █  █ ▀ █ █▄▄ █▀▀                        │
│                                                                              │
│                                                                              │
│                                                                              │
│                                FastMCP 3.4.7                                 │
│                            https://gofastmcp.com                             │
│                                                                              │
│                  🖥  Server:      Alpaca MCP Server, 3.4.7                    │
│                  🚀 Deploy free: https://horizon.prefect.io                  │
│                                                                              │
╰──────────────────────────────────────────────────────────────────────────────╯


[08/27/26 14:19:32] INFO     Starting MCP server 'Alpaca MCP    transport.py:241
                             Server' with transport 'stdio'                     


╭──────────────────────────────────────────────────────────────────────────────╮
│                                                                              │
│                                                                              │
│                         ▄▀▀ ▄▀█ █▀▀ ▀█▀ █▀▄▀█ █▀▀ █▀█                        │
│                         █▀  █▀█ ▄▄█  █  █ ▀ █ █▄▄ █▀▀                        │
│                                                                              │
│                                                                              │
│                                                                              │
│                                FastMCP 3.4.7                                 │
│                            https://gofastmcp.com                             │
│                                                                              │
│                  🖥  Server:      Alpaca MCP Server, 3.4.7                    │
│                  🚀 Deploy free: https://horizon.prefect.io                  │
│                                                                              │
╰──────────────────────────────────────────────────────────────────────────────╯


[08/27/26 14:19:52] INFO     Starting MCP server 'Alpaca MCP    transport.py:241
                             Server' with transport 'stdio'                     


╭──────────────────────────────────────────────────────────────────────────────╮
│                                                                              │
│                                                                              │
│                         ▄▀▀ ▄▀█ █▀▀ ▀█▀ █▀▄▀█ █▀▀ █▀█                        │
│                         █▀  █▀█ ▄▄█  █  █ ▀ █ █▄▄ █▀▀                        │
│                                                                              │
│                                                                              │
│                                                                              │
│                                FastMCP 3.4.7                                 │
│                            https://gofastmcp.com                             │
│                                                                              │
│                  🖥  Server:      Alpaca MCP Server, 3.4.7                    │
│                  🚀 Deploy free: https://horizon.prefect.io                  │
│                                                                              │
╰──────────────────────────────────────────────────────────────────────────────╯


[08/27/26 14:20:12] INFO     Starting MCP server 'Alpaca MCP    transport.py:241
                             Server' with transport 'stdio'                     


╭──────────────────────────────────────────────────────────────────────────────╮
│                                                                              │
│                                                                              │
│                         ▄▀▀ ▄▀█ █▀▀ ▀█▀ █▀▄▀█ █▀▀ █▀█                        │
│                         █▀  █▀█ ▄▄█  █  █ ▀ █ █▄▄ █▀▀                        │
│                                                                              │
│                                                                              │
│                                                                              │
│                                FastMCP 3.4.7                                 │
│                            https://gofastmcp.com                             │
│                                                                              │
│                  🖥  Server:      Alpaca MCP Server, 3.4.7                    │
│                  🚀 Deploy free: https://horizon.prefect.io                  │
│                                                                              │
╰──────────────────────────────────────────────────────────────────────────────╯


[08/27/26 14:20:32] INFO     Starting MCP server 'Alpaca MCP    transport.py:241
                             Server' with transport 'stdio'                     


╭──────────────────────────────────────────────────────────────────────────────╮
│                                                                              │
│                                                                              │
│                         ▄▀▀ ▄▀█ █▀▀ ▀█▀ █▀▄▀█ █▀▀ █▀█                        │
│                         █▀  █▀█ ▄▄█  █  █ ▀ █ █▄▄ █▀▀                        │
│                                                                              │
│                                                                              │
│                                                                              │
│                                FastMCP 3.4.7                                 │
│                            https://gofastmcp.com                             │
│                                                                              │
│                  🖥  Server:      Alpaca MCP Server, 3.4.7                    │
│                  🚀 Deploy free: https://horizon.prefect.io                  │
│                                                                              │
╰──────────────────────────────────────────────────────────────────────────────╯


[08/27/26 14:20:52] INFO     Starting MCP server 'Alpaca MCP    transport.py:241
                             Server' with transport 'stdio'                     


╭──────────────────────────────────────────────────────────────────────────────╮
│                                                                              │
│                                                                              │
│                         ▄▀▀ ▄▀█ █▀▀ ▀█▀ █▀▄▀█ █▀▀ █▀█                        │
│                         █▀  █▀█ ▄▄█  █  █ ▀ █ █▄▄ █▀▀                        │
│                                                                              │
│                                                                              │
│                                                                              │
│                                FastMCP 3.4.7                                 │
│                            https://gofastmcp.com                             │
│                                                                              │
│                  🖥  Server:      Alpaca MCP Server, 3.4.7                    │
│                  🚀 Deploy free: https://horizon.prefect.io                  │
│                                                                              │
╰──────────────────────────────────────────────────────────────────────────────╯


[08/27/26 14:21:12] INFO     Starting MCP server 'Alpaca MCP    transport.py:241
                             Server' with transport 'stdio'                     


╭──────────────────────────────────────────────────────────────────────────────╮
│                                                                              │
│                                                                              │
│                         ▄▀▀ ▄▀█ █▀▀ ▀█▀ █▀▄▀█ █▀▀ █▀█                        │
│                         █▀  █▀█ ▄▄█  █  █ ▀ █ █▄▄ █▀▀                        │
│                                                                              │
│                                                                              │
│                                                                              │
│                                FastMCP 3.4.7                                 │
│                            https://gofastmcp.com                             │
│                                                                              │
│                  🖥  Server:      Alpaca MCP Server, 3.4.7                    │
│                  🚀 Deploy free: https://horizon.prefect.io                  │
│                                                                              │
╰──────────────────────────────────────────────────────────────────────────────╯


[08/27/26 14:21:32] INFO     Starting MCP server 'Alpaca MCP    transport.py:241
                             Server' with transport 'stdio'                     


╭──────────────────────────────────────────────────────────────────────────────╮
│                                                                              │
│                                                                              │
│                         ▄▀▀ ▄▀█ █▀▀ ▀█▀ █▀▄▀█ █▀▀ █▀█                        │
│                         █▀  █▀█ ▄▄█  █  █ ▀ █ █▄▄ █▀▀                        │
│                                                                              │
│                                                                              │
│                                                                              │
│                                FastMCP 3.4.7                                 │
│                            https://gofastmcp.com                             │
│                                                                              │
│                  🖥  Server:      Alpaca MCP Server, 3.4.7                    │
│                  🚀 Deploy free: https://horizon.prefect.io                  │
│                                                                              │
╰──────────────────────────────────────────────────────────────────────────────╯


[08/27/26 14:21:52] INFO     Starting MCP server 'Alpaca MCP    transport.py:241
                             Server' with transport 'stdio'                     


╭──────────────────────────────────────────────────────────────────────────────╮
│                                                                              │
│                                                                              │
│                         ▄▀▀ ▄▀█ █▀▀ ▀█▀ █▀▄▀█ █▀▀ █▀█                        │
│                         █▀  █▀█ ▄▄█  █  █ ▀ █ █▄▄ █▀▀                        │
│                                                                              │
│                                                                              │
│                                                                              │
│                                FastMCP 3.4.7                                 │
│                            https://gofastmcp.com                             │
│                                                                              │
│                  🖥  Server:      Alpaca MCP Server, 3.4.7                    │
│                  🚀 Deploy free: https://horizon.prefect.io                  │
│                                                                              │
╰──────────────────────────────────────────────────────────────────────────────╯


[08/27/26 14:22:12] INFO     Starting MCP server 'Alpaca MCP    transport.py:241
                             Server' with transport 'stdio'                     


╭──────────────────────────────────────────────────────────────────────────────╮
│                                                                              │
│                                                                              │
│                         ▄▀▀ ▄▀█ █▀▀ ▀█▀ █▀▄▀█ █▀▀ █▀█                        │
│                         █▀  █▀█ ▄▄█  █  █ ▀ █ █▄▄ █▀▀                        │
│                                                                              │
│                                                                              │
│                                                                              │
│                                FastMCP 3.4.7                                 │
│                            https://gofastmcp.com                             │
│                                                                              │
│                  🖥  Server:      Alpaca MCP Server, 3.4.7                    │
│                  🚀 Deploy free: https://horizon.prefect.io                  │
│                                                                              │
╰──────────────────────────────────────────────────────────────────────────────╯


[08/27/26 14:22:32] INFO     Starting MCP server 'Alpaca MCP    transport.py:241
                             Server' with transport 'stdio'                     


╭──────────────────────────────────────────────────────────────────────────────╮
│                                                                              │
│                                                                              │
│                         ▄▀▀ ▄▀█ █▀▀ ▀█▀ █▀▄▀█ █▀▀ █▀█                        │
│                         █▀  █▀█ ▄▄█  █  █ ▀ █ █▄▄ █▀▀                        │
│                                                                              │
│                                                                              │
│                                                                              │
│                                FastMCP 3.4.7                                 │
│                            https://gofastmcp.com                             │
│                                                                              │
│                  🖥  Server:      Alpaca MCP Server, 3.4.7                    │
│                  🚀 Deploy free: https://horizon.prefect.io                  │
│                                                                              │
╰──────────────────────────────────────────────────────────────────────────────╯


[08/27/26 14:22:52] INFO     Starting MCP server 'Alpaca MCP    transport.py:241
                             Server' with transport 'stdio'                     


╭──────────────────────────────────────────────────────────────────────────────╮
│                                                                              │
│                                                                              │
│                         ▄▀▀ ▄▀█ █▀▀ ▀█▀ █▀▄▀█ █▀▀ █▀█                        │
│                         █▀  █▀█ ▄▄█  █  █ ▀ █ █▄▄ █▀▀                        │
│                                                                              │
│                                                                              │
│                                                                              │
│                                FastMCP 3.4.7                                 │
│                            https://gofastmcp.com                             │
│                                                                              │
│                  🖥  Server:      Alpaca MCP Server, 3.4.7                    │
│                  🚀 Deploy free: https://horizon.prefect.io                  │
│                                                                              │
╰──────────────────────────────────────────────────────────────────────────────╯


[08/27/26 14:23:12] INFO     Starting MCP server 'Alpaca MCP    transport.py:241
                             Server' with transport 'stdio'                     


╭──────────────────────────────────────────────────────────────────────────────╮
│                                                                              │
│                                                                              │
│                         ▄▀▀ ▄▀█ █▀▀ ▀█▀ █▀▄▀█ █▀▀ █▀█                        │
│                         █▀  █▀█ ▄▄█  █  █ ▀ █ █▄▄ █▀▀                        │
│                                                                              │
│                                                                              │
│                                                                              │
│                                FastMCP 3.4.7                                 │
│                            https://gofastmcp.com                             │
│                                                                              │
│                  🖥  Server:      Alpaca MCP Server, 3.4.7                    │
│                  🚀 Deploy free: https://horizon.prefect.io                  │
│                                                                              │
╰──────────────────────────────────────────────────────────────────────────────╯


[08/27/26 14:23:32] INFO     Starting MCP server 'Alpaca MCP    transport.py:241
                             Server' with transport 'stdio'                     


╭──────────────────────────────────────────────────────────────────────────────╮
│                                                                              │
│                                                                              │
│                         ▄▀▀ ▄▀█ █▀▀ ▀█▀ █▀▄▀█ █▀▀ █▀█                        │
│                         █▀  █▀█ ▄▄█  █  █ ▀ █ █▄▄ █▀▀                        │
│                                                                              │
│                                                                              │
│                                                                              │
│                                FastMCP 3.4.7                                 │
│                            https://gofastmcp.com                             │
│                                                                              │
│                  🖥  Server:      Alpaca MCP Server, 3.4.7                    │
│                  🚀 Deploy free: https://horizon.prefect.io                  │
│                                                                              │
╰──────────────────────────────────────────────────────────────────────────────╯


[08/27/26 14:23:52] INFO     Starting MCP server 'Alpaca MCP    transport.py:241
                             Server' with transport 'stdio'                     


╭──────────────────────────────────────────────────────────────────────────────╮
│                                                                              │
│                                                                              │
│                         ▄▀▀ ▄▀█ █▀▀ ▀█▀ █▀▄▀█ █▀▀ █▀█                        │
│                         █▀  █▀█ ▄▄█  █  █ ▀ █ █▄▄ █▀▀                        │
│                                                                              │
│                                                                              │
│                                                                              │
│                                FastMCP 3.4.7                                 │
│                            https://gofastmcp.com                             │
│                                                                              │
│                  🖥  Server:      Alpaca MCP Server, 3.4.7                    │
│                  🚀 Deploy free: https://horizon.prefect.io                  │
│                                                                              │
╰──────────────────────────────────────────────────────────────────────────────╯


[08/27/26 14:24:12] INFO     Starting MCP server 'Alpaca MCP    transport.py:241
                             Server' with transport 'stdio'                     


╭──────────────────────────────────────────────────────────────────────────────╮
│                                                                              │
│                                                                              │
│                         ▄▀▀ ▄▀█ █▀▀ ▀█▀ █▀▄▀█ █▀▀ █▀█                        │
│                         █▀  █▀█ ▄▄█  █  █ ▀ █ █▄▄ █▀▀                        │
│                                                                              │
│                                                                              │
│                                                                              │
│                                FastMCP 3.4.7                                 │
│                            https://gofastmcp.com                             │
│                                                                              │
│                  🖥  Server:      Alpaca MCP Server, 3.4.7                    │
│                  🚀 Deploy free: https://horizon.prefect.io                  │
│                                                                              │
╰──────────────────────────────────────────────────────────────────────────────╯


[08/27/26 14:24:32] INFO     Starting MCP server 'Alpaca MCP    transport.py:241
                             Server' with transport 'stdio'                     


╭──────────────────────────────────────────────────────────────────────────────╮
│                                                                              │
│                                                                              │
│                         ▄▀▀ ▄▀█ █▀▀ ▀█▀ █▀▄▀█ █▀▀ █▀█                        │
│                         █▀  █▀█ ▄▄█  █  █ ▀ █ █▄▄ █▀▀                        │
│                                                                              │
│                                                                              │
│                                                                              │
│                                FastMCP 3.4.7                                 │
│                            https://gofastmcp.com                             │
│                                                                              │
│                  🖥  Server:      Alpaca MCP Server, 3.4.7                    │
│                  🚀 Deploy free: https://horizon.prefect.io                  │
│                                                                              │
╰──────────────────────────────────────────────────────────────────────────────╯


[08/27/26 14:24:52] INFO     Starting MCP server 'Alpaca MCP    transport.py:241
                             Server' with transport 'stdio'                     


╭──────────────────────────────────────────────────────────────────────────────╮
│                                                                              │
│                                                                              │
│                         ▄▀▀ ▄▀█ █▀▀ ▀█▀ █▀▄▀█ █▀▀ █▀█                        │
│                         █▀  █▀█ ▄▄█  █  █ ▀ █ █▄▄ █▀▀                        │
│                                                                              │
│                                                                              │
│                                                                              │
│                                FastMCP 3.4.7                                 │
│                            https://gofastmcp.com                             │
│                                                                              │
│                  🖥  Server:      Alpaca MCP Server, 3.4.7                    │
│                  🚀 Deploy free: https://horizon.prefect.io                  │
│                                                                              │
╰──────────────────────────────────────────────────────────────────────────────╯


[08/27/26 14:25:12] INFO     Starting MCP server 'Alpaca MCP    transport.py:241
                             Server' with transport 'stdio'                     


╭──────────────────────────────────────────────────────────────────────────────╮
│                                                                              │
│                                                                              │
│                         ▄▀▀ ▄▀█ █▀▀ ▀█▀ █▀▄▀█ █▀▀ █▀█                        │
│                         █▀  █▀█ ▄▄█  █  █ ▀ █ █▄▄ █▀▀                        │
│                                                                              │
│                                                                              │
│                                                                              │
│                                FastMCP 3.4.7                                 │
│                            https://gofastmcp.com                             │
│                                                                              │
│                  🖥  Server:      Alpaca MCP Server, 3.4.7                    │
│                  🚀 Deploy free: https://horizon.prefect.io                  │
│                                                                              │
╰──────────────────────────────────────────────────────────────────────────────╯


[08/27/26 14:25:32] INFO     Starting MCP server 'Alpaca MCP    transport.py:241
                             Server' with transport 'stdio'                     


╭──────────────────────────────────────────────────────────────────────────────╮
│                                                                              │
│                                                                              │
│                         ▄▀▀ ▄▀█ █▀▀ ▀█▀ █▀▄▀█ █▀▀ █▀█                        │
│                         █▀  █▀█ ▄▄█  █  █ ▀ █ █▄▄ █▀▀                        │
│                                                                              │
│                                                                              │
│                                                                              │
│                                FastMCP 3.4.7                                 │
│                            https://gofastmcp.com                             │
│                                                                              │
│                  🖥  Server:      Alpaca MCP Server, 3.4.7                    │
│                  🚀 Deploy free: https://horizon.prefect.io                  │
│                                                                              │
╰──────────────────────────────────────────────────────────────────────────────╯


[08/27/26 14:25:52] INFO     Starting MCP server 'Alpaca MCP    transport.py:241
                             Server' with transport 'stdio'                     


╭──────────────────────────────────────────────────────────────────────────────╮
│                                                                              │
│                                                                              │
│                         ▄▀▀ ▄▀█ █▀▀ ▀█▀ █▀▄▀█ █▀▀ █▀█                        │
│                         █▀  █▀█ ▄▄█  █  █ ▀ █ █▄▄ █▀▀                        │
│                                                                              │
│                                                                              │
│                                                                              │
│                                FastMCP 3.4.7                                 │
│                            https://gofastmcp.com                             │
│                                                                              │
│                  🖥  Server:      Alpaca MCP Server, 3.4.7                    │
│                  🚀 Deploy free: https://horizon.prefect.io                  │
│                                                                              │
╰──────────────────────────────────────────────────────────────────────────────╯


[08/27/26 14:26:12] INFO     Starting MCP server 'Alpaca MCP    transport.py:241
                             Server' with transport 'stdio'                     


╭──────────────────────────────────────────────────────────────────────────────╮
│                                                                              │
│                                                                              │
│                         ▄▀▀ ▄▀█ █▀▀ ▀█▀ █▀▄▀█ █▀▀ █▀█                        │
│                         █▀  █▀█ ▄▄█  █  █ ▀ █ █▄▄ █▀▀                        │
│                                                                              │
│                                                                              │
│                                                                              │
│                                FastMCP 3.4.7                                 │
│                            https://gofastmcp.com                             │
│                                                                              │
│                  🖥  Server:      Alpaca MCP Server, 3.4.7                    │
│                  🚀 Deploy free: https://horizon.prefect.io                  │
│                                                                              │
╰──────────────────────────────────────────────────────────────────────────────╯


[08/27/26 14:26:32] INFO     Starting MCP server 'Alpaca MCP    transport.py:241
                             Server' with transport 'stdio'                     


╭──────────────────────────────────────────────────────────────────────────────╮
│                                                                              │
│                                                                              │
│                         ▄▀▀ ▄▀█ █▀▀ ▀█▀ █▀▄▀█ █▀▀ █▀█                        │
│                         █▀  █▀█ ▄▄█  █  █ ▀ █ █▄▄ █▀▀                        │
│                                                                              │
│                                                                              │
│                                                                              │
│                                FastMCP 3.4.7                                 │
│                            https://gofastmcp.com                             │
│                                                                              │
│                  🖥  Server:      Alpaca MCP Server, 3.4.7                    │
│                  🚀 Deploy free: https://horizon.prefect.io                  │
│                                                                              │
╰──────────────────────────────────────────────────────────────────────────────╯


[08/27/26 14:26:52] INFO     Starting MCP server 'Alpaca MCP    transport.py:241
                             Server' with transport 'stdio'                     


╭──────────────────────────────────────────────────────────────────────────────╮
│                                                                              │
│                                                                              │
│                         ▄▀▀ ▄▀█ █▀▀ ▀█▀ █▀▄▀█ █▀▀ █▀█                        │
│                         █▀  █▀█ ▄▄█  █  █ ▀ █ █▄▄ █▀▀                        │
│                                                                              │
│                                                                              │
│                                                                              │
│                                FastMCP 3.4.7                                 │
│                            https://gofastmcp.com                             │
│                                                                              │
│                  🖥  Server:      Alpaca MCP Server, 3.4.7                    │
│                  🚀 Deploy free: https://horizon.prefect.io                  │
│                                                                              │
╰──────────────────────────────────────────────────────────────────────────────╯


[08/27/26 14:27:12] INFO     Starting MCP server 'Alpaca MCP    transport.py:241
                             Server' with transport 'stdio'                     


╭──────────────────────────────────────────────────────────────────────────────╮
│                                                                              │
│                                                                              │
│                         ▄▀▀ ▄▀█ █▀▀ ▀█▀ █▀▄▀█ █▀▀ █▀█                        │
│                         █▀  █▀█ ▄▄█  █  █ ▀ █ █▄▄ █▀▀                        │
│                                                                              │
│                                                                              │
│                                                                              │
│                                FastMCP 3.4.7                                 │
│                            https://gofastmcp.com                             │
│                                                                              │
│                  🖥  Server:      Alpaca MCP Server, 3.4.7                    │
│                  🚀 Deploy free: https://horizon.prefect.io                  │
│                                                                              │
╰──────────────────────────────────────────────────────────────────────────────╯


[08/27/26 14:27:32] INFO     Starting MCP server 'Alpaca MCP    transport.py:241
                             Server' with transport 'stdio'                     


╭──────────────────────────────────────────────────────────────────────────────╮
│                                                                              │
│                                                                              │
│                         ▄▀▀ ▄▀█ █▀▀ ▀█▀ █▀▄▀█ █▀▀ █▀█                        │
│                         █▀  █▀█ ▄▄█  █  █ ▀ █ █▄▄ █▀▀                        │
│                                                                              │
│                                                                              │
│                                                                              │
│                                FastMCP 3.4.7                                 │
│                            https://gofastmcp.com                             │
│                                                                              │
│                  🖥  Server:      Alpaca MCP Server, 3.4.7                    │
│                  🚀 Deploy free: https://horizon.prefect.io                  │
│                                                                              │
╰──────────────────────────────────────────────────────────────────────────────╯


[08/27/26 14:27:52] INFO     Starting MCP server 'Alpaca MCP    transport.py:241
                             Server' with transport 'stdio'                     


╭──────────────────────────────────────────────────────────────────────────────╮
│                                                                              │
│                                                                              │
│                         ▄▀▀ ▄▀█ █▀▀ ▀█▀ █▀▄▀█ █▀▀ █▀█                        │
│                         █▀  █▀█ ▄▄█  █  █ ▀ █ █▄▄ █▀▀                        │
│                                                                              │
│                                                                              │
│                                                                              │
│                                FastMCP 3.4.7                                 │
│                            https://gofastmcp.com                             │
│                                                                              │
│                  🖥  Server:      Alpaca MCP Server, 3.4.7                    │
│                  🚀 Deploy free: https://horizon.prefect.io                  │
│                                                                              │
╰──────────────────────────────────────────────────────────────────────────────╯


[08/27/26 14:28:12] INFO     Starting MCP server 'Alpaca MCP    transport.py:241
                             Server' with transport 'stdio'                     


╭──────────────────────────────────────────────────────────────────────────────╮
│                                                                              │
│                                                                              │
│                         ▄▀▀ ▄▀█ █▀▀ ▀█▀ █▀▄▀█ █▀▀ █▀█                        │
│                         █▀  █▀█ ▄▄█  █  █ ▀ █ █▄▄ █▀▀                        │
│                                                                              │
│                                                                              │
│                                                                              │
│                                FastMCP 3.4.7                                 │
│                            https://gofastmcp.com                             │
│                                                                              │
│                  🖥  Server:      Alpaca MCP Server, 3.4.7                    │
│                  🚀 Deploy free: https://horizon.prefect.io                  │
│                                                                              │
╰──────────────────────────────────────────────────────────────────────────────╯


[08/27/26 14:28:32] INFO     Starting MCP server 'Alpaca MCP    transport.py:241
                             Server' with transport 'stdio'                     


╭──────────────────────────────────────────────────────────────────────────────╮
│                                                                              │
│                                                                              │
│                         ▄▀▀ ▄▀█ █▀▀ ▀█▀ █▀▄▀█ █▀▀ █▀█                        │
│                         █▀  █▀█ ▄▄█  █  █ ▀ █ █▄▄ █▀▀                        │
│                                                                              │
│                                                                              │
│                                                                              │
│                                FastMCP 3.4.7                                 │
│                            https://gofastmcp.com                             │
│                                                                              │
│                  🖥  Server:      Alpaca MCP Server, 3.4.7                    │
│                  🚀 Deploy free: https://horizon.prefect.io                  │
│                                                                              │
╰──────────────────────────────────────────────────────────────────────────────╯


[08/27/26 14:28:52] INFO     Starting MCP server 'Alpaca MCP    transport.py:241
                             Server' with transport 'stdio'                     


╭──────────────────────────────────────────────────────────────────────────────╮
│                                                                              │
│                                                                              │
│                         ▄▀▀ ▄▀█ █▀▀ ▀█▀ █▀▄▀█ █▀▀ █▀█                        │
│                         █▀  █▀█ ▄▄█  █  █ ▀ █ █▄▄ █▀▀                        │
│                                                                              │
│                                                                              │
│                                                                              │
│                                FastMCP 3.4.7                                 │
│                            https://gofastmcp.com                             │
│                                                                              │
│                  🖥  Server:      Alpaca MCP Server, 3.4.7                    │
│                  🚀 Deploy free: https://horizon.prefect.io                  │
│                                                                              │
╰──────────────────────────────────────────────────────────────────────────────╯


[08/27/26 14:29:12] INFO     Starting MCP server 'Alpaca MCP    transport.py:241
                             Server' with transport 'stdio'                     


╭──────────────────────────────────────────────────────────────────────────────╮
│                                                                              │
│                                                                              │
│                         ▄▀▀ ▄▀█ █▀▀ ▀█▀ █▀▄▀█ █▀▀ █▀█                        │
│                         █▀  █▀█ ▄▄█  █  █ ▀ █ █▄▄ █▀▀                        │
│                                                                              │
│                                                                              │
│                                                                              │
│                                FastMCP 3.4.7                                 │
│                            https://gofastmcp.com                             │
│                                                                              │
│                  🖥  Server:      Alpaca MCP Server, 3.4.7                    │
│                  🚀 Deploy free: https://horizon.prefect.io                  │
│                                                                              │
╰──────────────────────────────────────────────────────────────────────────────╯


[08/27/26 14:29:32] INFO     Starting MCP server 'Alpaca MCP    transport.py:241
                             Server' with transport 'stdio'                     


╭──────────────────────────────────────────────────────────────────────────────╮
│                                                                              │
│                                                                              │
│                         ▄▀▀ ▄▀█ █▀▀ ▀█▀ █▀▄▀█ █▀▀ █▀█                        │
│                         █▀  █▀█ ▄▄█  █  █ ▀ █ █▄▄ █▀▀                        │
│                                                                              │
│                                                                              │
│                                                                              │
│                                FastMCP 3.4.7                                 │
│                            https://gofastmcp.com                             │
│                                                                              │
│                  🖥  Server:      Alpaca MCP Server, 3.4.7                    │
│                  🚀 Deploy free: https://horizon.prefect.io                  │
│                                                                              │
╰──────────────────────────────────────────────────────────────────────────────╯


[08/27/26 14:29:52] INFO     Starting MCP server 'Alpaca MCP    transport.py:241
                             Server' with transport 'stdio'                     


╭──────────────────────────────────────────────────────────────────────────────╮
│                                                                              │
│                                                                              │
│                         ▄▀▀ ▄▀█ █▀▀ ▀█▀ █▀▄▀█ █▀▀ █▀█                        │
│                         █▀  █▀█ ▄▄█  █  █ ▀ █ █▄▄ █▀▀                        │
│                                                                              │
│                                                                              │
│                                                                              │
│                                FastMCP 3.4.7                                 │
│                            https://gofastmcp.com                             │
│                                                                              │
│                  🖥  Server:      Alpaca MCP Server, 3.4.7                    │
│                  🚀 Deploy free: https://horizon.prefect.io                  │
│                                                                              │
╰──────────────────────────────────────────────────────────────────────────────╯


[08/27/26 14:30:12] INFO     Starting MCP server 'Alpaca MCP    transport.py:241
                             Server' with transport 'stdio'                     


╭──────────────────────────────────────────────────────────────────────────────╮
│                                                                              │
│                                                                              │
│                         ▄▀▀ ▄▀█ █▀▀ ▀█▀ █▀▄▀█ █▀▀ █▀█                        │
│                         █▀  █▀█ ▄▄█  █  █ ▀ █ █▄▄ █▀▀                        │
│                                                                              │
│                                                                              │
│                                                                              │
│                                FastMCP 3.4.7                                 │
│                            https://gofastmcp.com                             │
│                                                                              │
│                  🖥  Server:      Alpaca MCP Server, 3.4.7                    │
│                  🚀 Deploy free: https://horizon.prefect.io                  │
│                                                                              │
╰──────────────────────────────────────────────────────────────────────────────╯


[08/27/26 14:30:32] INFO     Starting MCP server 'Alpaca MCP    transport.py:241
                             Server' with transport 'stdio'                     


╭──────────────────────────────────────────────────────────────────────────────╮
│                                                                              │
│                                                                              │
│                         ▄▀▀ ▄▀█ █▀▀ ▀█▀ █▀▄▀█ █▀▀ █▀█                        │
│                         █▀  █▀█ ▄▄█  █  █ ▀ █ █▄▄ █▀▀                        │
│                                                                              │
│                                                                              │
│                                                                              │
│                                FastMCP 3.4.7                                 │
│                            https://gofastmcp.com                             │
│                                                                              │
│                  🖥  Server:      Alpaca MCP Server, 3.4.7                    │
│                  🚀 Deploy free: https://horizon.prefect.io                  │
│                                                                              │
╰──────────────────────────────────────────────────────────────────────────────╯


[08/27/26 14:30:52] INFO     Starting MCP server 'Alpaca MCP    transport.py:241
                             Server' with transport 'stdio'                     


╭──────────────────────────────────────────────────────────────────────────────╮
│                                                                              │
│                                                                              │
│                         ▄▀▀ ▄▀█ █▀▀ ▀█▀ █▀▄▀█ █▀▀ █▀█                        │
│                         █▀  █▀█ ▄▄█  █  █ ▀ █ █▄▄ █▀▀                        │
│                                                                              │
│                                                                              │
│                                                                              │
│                                FastMCP 3.4.7                                 │
│                            https://gofastmcp.com                             │
│                                                                              │
│                  🖥  Server:      Alpaca MCP Server, 3.4.7                    │
│                  🚀 Deploy free: https://horizon.prefect.io                  │
│                                                                              │
╰──────────────────────────────────────────────────────────────────────────────╯


[08/27/26 14:31:12] INFO     Starting MCP server 'Alpaca MCP    transport.py:241
                             Server' with transport 'stdio'                     


╭──────────────────────────────────────────────────────────────────────────────╮
│                                                                              │
│                                                                              │
│                         ▄▀▀ ▄▀█ █▀▀ ▀█▀ █▀▄▀█ █▀▀ █▀█                        │
│                         █▀  █▀█ ▄▄█  █  █ ▀ █ █▄▄ █▀▀                        │
│                                                                              │
│                                                                              │
│                                                                              │
│                                FastMCP 3.4.7                                 │
│                            https://gofastmcp.com                             │
│                                                                              │
│                  🖥  Server:      Alpaca MCP Server, 3.4.7                    │
│                  🚀 Deploy free: https://horizon.prefect.io                  │
│                                                                              │
╰──────────────────────────────────────────────────────────────────────────────╯


[08/27/26 14:31:32] INFO     Starting MCP server 'Alpaca MCP    transport.py:241
                             Server' with transport 'stdio'                     


╭──────────────────────────────────────────────────────────────────────────────╮
│                                                                              │
│                                                                              │
│                         ▄▀▀ ▄▀█ █▀▀ ▀█▀ █▀▄▀█ █▀▀ █▀█                        │
│                         █▀  █▀█ ▄▄█  █  █ ▀ █ █▄▄ █▀▀                        │
│                                                                              │
│                                                                              │
│                                                                              │
│                                FastMCP 3.4.7                                 │
│                            https://gofastmcp.com                             │
│                                                                              │
│                  🖥  Server:      Alpaca MCP Server, 3.4.7                    │
│                  🚀 Deploy free: https://horizon.prefect.io                  │
│                                                                              │
╰──────────────────────────────────────────────────────────────────────────────╯


[08/27/26 14:31:52] INFO     Starting MCP server 'Alpaca MCP    transport.py:241
                             Server' with transport 'stdio'                     


╭──────────────────────────────────────────────────────────────────────────────╮
│                                                                              │
│                                                                              │
│                         ▄▀▀ ▄▀█ █▀▀ ▀█▀ █▀▄▀█ █▀▀ █▀█                        │
│                         █▀  █▀█ ▄▄█  █  █ ▀ █ █▄▄ █▀▀                        │
│                                                                              │
│                                                                              │
│                                                                              │
│                                FastMCP 3.4.7                                 │
│                            https://gofastmcp.com                             │
│                                                                              │
│                  🖥  Server:      Alpaca MCP Server, 3.4.7                    │
│                  🚀 Deploy free: https://horizon.prefect.io                  │
│                                                                              │
╰──────────────────────────────────────────────────────────────────────────────╯


[08/27/26 14:32:12] INFO     Starting MCP server 'Alpaca MCP    transport.py:241
                             Server' with transport 'stdio'                     


╭──────────────────────────────────────────────────────────────────────────────╮
│                                                                              │
│                                                                              │
│                         ▄▀▀ ▄▀█ █▀▀ ▀█▀ █▀▄▀█ █▀▀ █▀█                        │
│                         █▀  █▀█ ▄▄█  █  █ ▀ █ █▄▄ █▀▀                        │
│                                                                              │
│                                                                              │
│                                                                              │
│                                FastMCP 3.4.7                                 │
│                            https://gofastmcp.com                             │
│                                                                              │
│                  🖥  Server:      Alpaca MCP Server, 3.4.7                    │
│                  🚀 Deploy free: https://horizon.prefect.io                  │
│                                                                              │
╰──────────────────────────────────────────────────────────────────────────────╯


[08/27/26 14:32:32] INFO     Starting MCP server 'Alpaca MCP    transport.py:241
                             Server' with transport 'stdio'                     


╭──────────────────────────────────────────────────────────────────────────────╮
│                                                                              │
│                                                                              │
│                         ▄▀▀ ▄▀█ █▀▀ ▀█▀ █▀▄▀█ █▀▀ █▀█                        │
│                         █▀  █▀█ ▄▄█  █  █ ▀ █ █▄▄ █▀▀                        │
│                                                                              │
│                                                                              │
│                                                                              │
│                                FastMCP 3.4.7                                 │
│                            https://gofastmcp.com                             │
│                                                                              │
│                  🖥  Server:      Alpaca MCP Server, 3.4.7                    │
│                  🚀 Deploy free: https://horizon.prefect.io                  │
│                                                                              │
╰──────────────────────────────────────────────────────────────────────────────╯


[08/27/26 14:32:52] INFO     Starting MCP server 'Alpaca MCP    transport.py:241
                             Server' with transport 'stdio'                     


╭──────────────────────────────────────────────────────────────────────────────╮
│                                                                              │
│                                                                              │
│                         ▄▀▀ ▄▀█ █▀▀ ▀█▀ █▀▄▀█ █▀▀ █▀█                        │
│                         █▀  █▀█ ▄▄█  █  █ ▀ █ █▄▄ █▀▀                        │
│                                                                              │
│                                                                              │
│                                                                              │
│                                FastMCP 3.4.7                                 │
│                            https://gofastmcp.com                             │
│                                                                              │
│                  🖥  Server:      Alpaca MCP Server, 3.4.7                    │
│                  🚀 Deploy free: https://horizon.prefect.io                  │
│                                                                              │
╰──────────────────────────────────────────────────────────────────────────────╯


[08/27/26 14:33:12] INFO     Starting MCP server 'Alpaca MCP    transport.py:241
                             Server' with transport 'stdio'                     


╭──────────────────────────────────────────────────────────────────────────────╮
│                                                                              │
│                                                                              │
│                         ▄▀▀ ▄▀█ █▀▀ ▀█▀ █▀▄▀█ █▀▀ █▀█                        │
│                         █▀  █▀█ ▄▄█  █  █ ▀ █ █▄▄ █▀▀                        │
│                                                                              │
│                                                                              │
│                                                                              │
│                                FastMCP 3.4.7                                 │
│                            https://gofastmcp.com                             │
│                                                                              │
│                  🖥  Server:      Alpaca MCP Server, 3.4.7                    │
│                  🚀 Deploy free: https://horizon.prefect.io                  │
│                                                                              │
╰──────────────────────────────────────────────────────────────────────────────╯


[08/27/26 14:33:32] INFO     Starting MCP server 'Alpaca MCP    transport.py:241
                             Server' with transport 'stdio'                     


╭──────────────────────────────────────────────────────────────────────────────╮
│                                                                              │
│                                                                              │
│                         ▄▀▀ ▄▀█ █▀▀ ▀█▀ █▀▄▀█ █▀▀ █▀█                        │
│                         █▀  █▀█ ▄▄█  █  █ ▀ █ █▄▄ █▀▀                        │
│                                                                              │
│                                                                              │
│                                                                              │
│                                FastMCP 3.4.7                                 │
│                            https://gofastmcp.com                             │
│                                                                              │
│                  🖥  Server:      Alpaca MCP Server, 3.4.7                    │
│                  🚀 Deploy free: https://horizon.prefect.io                  │
│                                                                              │
╰──────────────────────────────────────────────────────────────────────────────╯


[08/27/26 14:33:52] INFO     Starting MCP server 'Alpaca MCP    transport.py:241
                             Server' with transport 'stdio'                     


╭──────────────────────────────────────────────────────────────────────────────╮
│                                                                              │
│                                                                              │
│                         ▄▀▀ ▄▀█ █▀▀ ▀█▀ █▀▄▀█ █▀▀ █▀█                        │
│                         █▀  █▀█ ▄▄█  █  █ ▀ █ █▄▄ █▀▀                        │
│                                                                              │
│                                                                              │
│                                                                              │
│                                FastMCP 3.4.7                                 │
│                            https://gofastmcp.com                             │
│                                                                              │
│                  🖥  Server:      Alpaca MCP Server, 3.4.7                    │
│                  🚀 Deploy free: https://horizon.prefect.io                  │
│                                                                              │
╰──────────────────────────────────────────────────────────────────────────────╯


[08/27/26 14:34:12] INFO     Starting MCP server 'Alpaca MCP    transport.py:241
                             Server' with transport 'stdio'                     


╭──────────────────────────────────────────────────────────────────────────────╮
│                                                                              │
│                                                                              │
│                         ▄▀▀ ▄▀█ █▀▀ ▀█▀ █▀▄▀█ █▀▀ █▀█                        │
│                         █▀  █▀█ ▄▄█  █  █ ▀ █ █▄▄ █▀▀                        │
│                                                                              │
│                                                                              │
│                                                                              │
│                                FastMCP 3.4.7                                 │
│                            https://gofastmcp.com                             │
│                                                                              │
│                  🖥  Server:      Alpaca MCP Server, 3.4.7                    │
│                  🚀 Deploy free: https://horizon.prefect.io                  │
│                                                                              │
╰──────────────────────────────────────────────────────────────────────────────╯


[08/27/26 14:34:32] INFO     Starting MCP server 'Alpaca MCP    transport.py:241
                             Server' with transport 'stdio'                     


╭──────────────────────────────────────────────────────────────────────────────╮
│                                                                              │
│                                                                              │
│                         ▄▀▀ ▄▀█ █▀▀ ▀█▀ █▀▄▀█ █▀▀ █▀█                        │
│                         █▀  █▀█ ▄▄█  █  █ ▀ █ █▄▄ █▀▀                        │
│                                                                              │
│                                                                              │
│                                                                              │
│                                FastMCP 3.4.7                                 │
│                            https://gofastmcp.com                             │
│                                                                              │
│                  🖥  Server:      Alpaca MCP Server, 3.4.7                    │
│                  🚀 Deploy free: https://horizon.prefect.io                  │
│                                                                              │
╰──────────────────────────────────────────────────────────────────────────────╯


[08/27/26 14:34:52] INFO     Starting MCP server 'Alpaca MCP    transport.py:241
                             Server' with transport 'stdio'                     


╭──────────────────────────────────────────────────────────────────────────────╮
│                                                                              │
│                                                                              │
│                         ▄▀▀ ▄▀█ █▀▀ ▀█▀ █▀▄▀█ █▀▀ █▀█                        │
│                         █▀  █▀█ ▄▄█  █  █ ▀ █ █▄▄ █▀▀                        │
│                                                                              │
│                                                                              │
│                                                                              │
│                                FastMCP 3.4.7                                 │
│                            https://gofastmcp.com                             │
│                                                                              │
│                  🖥  Server:      Alpaca MCP Server, 3.4.7                    │
│                  🚀 Deploy free: https://horizon.prefect.io                  │
│                                                                              │
╰──────────────────────────────────────────────────────────────────────────────╯


[08/27/26 14:35:12] INFO     Starting MCP server 'Alpaca MCP    transport.py:241
                             Server' with transport 'stdio'                     


╭──────────────────────────────────────────────────────────────────────────────╮
│                                                                              │
│                                                                              │
│                         ▄▀▀ ▄▀█ █▀▀ ▀█▀ █▀▄▀█ █▀▀ █▀█                        │
│                         █▀  █▀█ ▄▄█  █  █ ▀ █ █▄▄ █▀▀                        │
│                                                                              │
│                                                                              │
│                                                                              │
│                                FastMCP 3.4.7                                 │
│                            https://gofastmcp.com                             │
│                                                                              │
│                  🖥  Server:      Alpaca MCP Server, 3.4.7                    │
│                  🚀 Deploy free: https://horizon.prefect.io                  │
│                                                                              │
╰──────────────────────────────────────────────────────────────────────────────╯


[08/27/26 14:35:32] INFO     Starting MCP server 'Alpaca MCP    transport.py:241
                             Server' with transport 'stdio'                     


╭──────────────────────────────────────────────────────────────────────────────╮
│                                                                              │
│                                                                              │
│                         ▄▀▀ ▄▀█ █▀▀ ▀█▀ █▀▄▀█ █▀▀ █▀█                        │
│                         █▀  █▀█ ▄▄█  █  █ ▀ █ █▄▄ █▀▀                        │
│                                                                              │
│                                                                              │
│                                                                              │
│                                FastMCP 3.4.7                                 │
│                            https://gofastmcp.com                             │
│                                                                              │
│                  🖥  Server:      Alpaca MCP Server, 3.4.7                    │
│                  🚀 Deploy free: https://horizon.prefect.io                  │
│                                                                              │
╰──────────────────────────────────────────────────────────────────────────────╯


[08/27/26 14:35:52] INFO     Starting MCP server 'Alpaca MCP    transport.py:241
                             Server' with transport 'stdio'                     


╭──────────────────────────────────────────────────────────────────────────────╮
│                                                                              │
│                                                                              │
│                         ▄▀▀ ▄▀█ █▀▀ ▀█▀ █▀▄▀█ █▀▀ █▀█                        │
│                         █▀  █▀█ ▄▄█  █  █ ▀ █ █▄▄ █▀▀                        │
│                                                                              │
│                                                                              │
│                                                                              │
│                                FastMCP 3.4.7                                 │
│                            https://gofastmcp.com                             │
│                                                                              │
│                  🖥  Server:      Alpaca MCP Server, 3.4.7                    │
│                  🚀 Deploy free: https://horizon.prefect.io                  │
│                                                                              │
╰──────────────────────────────────────────────────────────────────────────────╯


[08/27/26 14:36:12] INFO     Starting MCP server 'Alpaca MCP    transport.py:241
                             Server' with transport 'stdio'                     


╭──────────────────────────────────────────────────────────────────────────────╮
│                                                                              │
│                                                                              │
│                         ▄▀▀ ▄▀█ █▀▀ ▀█▀ █▀▄▀█ █▀▀ █▀█                        │
│                         █▀  █▀█ ▄▄█  █  █ ▀ █ █▄▄ █▀▀                        │
│                                                                              │
│                                                                              │
│                                                                              │
│                                FastMCP 3.4.7                                 │
│                            https://gofastmcp.com                             │
│                                                                              │
│                  🖥  Server:      Alpaca MCP Server, 3.4.7                    │
│                  🚀 Deploy free: https://horizon.prefect.io                  │
│                                                                              │
╰──────────────────────────────────────────────────────────────────────────────╯


[08/27/26 14:36:32] INFO     Starting MCP server 'Alpaca MCP    transport.py:241
                             Server' with transport 'stdio'                     


╭──────────────────────────────────────────────────────────────────────────────╮
│                                                                              │
│                                                                              │
│                         ▄▀▀ ▄▀█ █▀▀ ▀█▀ █▀▄▀█ █▀▀ █▀█                        │
│                         █▀  █▀█ ▄▄█  █  █ ▀ █ █▄▄ █▀▀                        │
│                                                                              │
│                                                                              │
│                                                                              │
│                                FastMCP 3.4.7                                 │
│                            https://gofastmcp.com                             │
│                                                                              │
│                  🖥  Server:      Alpaca MCP Server, 3.4.7                    │
│                  🚀 Deploy free: https://horizon.prefect.io                  │
│                                                                              │
╰──────────────────────────────────────────────────────────────────────────────╯


[08/27/26 14:36:52] INFO     Starting MCP server 'Alpaca MCP    transport.py:241
                             Server' with transport 'stdio'                     


╭──────────────────────────────────────────────────────────────────────────────╮
│                                                                              │
│                                                                              │
│                         ▄▀▀ ▄▀█ █▀▀ ▀█▀ █▀▄▀█ █▀▀ █▀█                        │
│                         █▀  █▀█ ▄▄█  █  █ ▀ █ █▄▄ █▀▀                        │
│                                                                              │
│                                                                              │
│                                                                              │
│                                FastMCP 3.4.7                                 │
│                            https://gofastmcp.com                             │
│                                                                              │
│                  🖥  Server:      Alpaca MCP Server, 3.4.7                    │
│                  🚀 Deploy free: https://horizon.prefect.io                  │
│                                                                              │
╰──────────────────────────────────────────────────────────────────────────────╯


[08/27/26 14:37:12] INFO     Starting MCP server 'Alpaca MCP    transport.py:241
                             Server' with transport 'stdio'                     


╭──────────────────────────────────────────────────────────────────────────────╮
│                                                                              │
│                                                                              │
│                         ▄▀▀ ▄▀█ █▀▀ ▀█▀ █▀▄▀█ █▀▀ █▀█                        │
│                         █▀  █▀█ ▄▄█  █  █ ▀ █ █▄▄ █▀▀                        │
│                                                                              │
│                                                                              │
│                                                                              │
│                                FastMCP 3.4.7                                 │
│                            https://gofastmcp.com                             │
│                                                                              │
│                  🖥  Server:      Alpaca MCP Server, 3.4.7                    │
│                  🚀 Deploy free: https://horizon.prefect.io                  │
│                                                                              │
╰──────────────────────────────────────────────────────────────────────────────╯


[08/27/26 14:37:32] INFO     Starting MCP server 'Alpaca MCP    transport.py:241
                             Server' with transport 'stdio'                     


╭──────────────────────────────────────────────────────────────────────────────╮
│                                                                              │
│                                                                              │
│                         ▄▀▀ ▄▀█ █▀▀ ▀█▀ █▀▄▀█ █▀▀ █▀█                        │
│                         █▀  █▀█ ▄▄█  █  █ ▀ █ █▄▄ █▀▀                        │
│                                                                              │
│                                                                              │
│                                                                              │
│                                FastMCP 3.4.7                                 │
│                            https://gofastmcp.com                             │
│                                                                              │
│                  🖥  Server:      Alpaca MCP Server, 3.4.7                    │
│                  🚀 Deploy free: https://horizon.prefect.io                  │
│                                                                              │
╰──────────────────────────────────────────────────────────────────────────────╯


[08/27/26 14:37:52] INFO     Starting MCP server 'Alpaca MCP    transport.py:241
                             Server' with transport 'stdio'                     


╭──────────────────────────────────────────────────────────────────────────────╮
│                                                                              │
│                                                                              │
│                         ▄▀▀ ▄▀█ █▀▀ ▀█▀ █▀▄▀█ █▀▀ █▀█                        │
│                         █▀  █▀█ ▄▄█  █  █ ▀ █ █▄▄ █▀▀                        │
│                                                                              │
│                                                                              │
│                                                                              │
│                                FastMCP 3.4.7                                 │
│                            https://gofastmcp.com                             │
│                                                                              │
│                  🖥  Server:      Alpaca MCP Server, 3.4.7                    │
│                  🚀 Deploy free: https://horizon.prefect.io                  │
│                                                                              │
╰──────────────────────────────────────────────────────────────────────────────╯


[08/27/26 14:38:12] INFO     Starting MCP server 'Alpaca MCP    transport.py:241
                             Server' with transport 'stdio'                     


╭──────────────────────────────────────────────────────────────────────────────╮
│                                                                              │
│                                                                              │
│                         ▄▀▀ ▄▀█ █▀▀ ▀█▀ █▀▄▀█ █▀▀ █▀█                        │
│                         █▀  █▀█ ▄▄█  █  █ ▀ █ █▄▄ █▀▀                        │
│                                                                              │
│                                                                              │
│                                                                              │
│                                FastMCP 3.4.7                                 │
│                            https://gofastmcp.com                             │
│                                                                              │
│                  🖥  Server:      Alpaca MCP Server, 3.4.7                    │
│                  🚀 Deploy free: https://horizon.prefect.io                  │
│                                                                              │
╰──────────────────────────────────────────────────────────────────────────────╯


[08/27/26 14:38:32] INFO     Starting MCP server 'Alpaca MCP    transport.py:241
                             Server' with transport 'stdio'                     


╭──────────────────────────────────────────────────────────────────────────────╮
│                                                                              │
│                                                                              │
│                         ▄▀▀ ▄▀█ █▀▀ ▀█▀ █▀▄▀█ █▀▀ █▀█                        │
│                         █▀  █▀█ ▄▄█  █  █ ▀ █ █▄▄ █▀▀                        │
│                                                                              │
│                                                                              │
│                                                                              │
│                                FastMCP 3.4.7                                 │
│                            https://gofastmcp.com                             │
│                                                                              │
│                  🖥  Server:      Alpaca MCP Server, 3.4.7                    │
│                  🚀 Deploy free: https://horizon.prefect.io                  │
│                                                                              │
╰──────────────────────────────────────────────────────────────────────────────╯


[08/27/26 14:38:52] INFO     Starting MCP server 'Alpaca MCP    transport.py:241
                             Server' with transport 'stdio'                     


╭──────────────────────────────────────────────────────────────────────────────╮
│                                                                              │
│                                                                              │
│                         ▄▀▀ ▄▀█ █▀▀ ▀█▀ █▀▄▀█ █▀▀ █▀█                        │
│                         █▀  █▀█ ▄▄█  █  █ ▀ █ █▄▄ █▀▀                        │
│                                                                              │
│                                                                              │
│                                                                              │
│                                FastMCP 3.4.7                                 │
│                            https://gofastmcp.com                             │
│                                                                              │
│                  🖥  Server:      Alpaca MCP Server, 3.4.7                    │
│                  🚀 Deploy free: https://horizon.prefect.io                  │
│                                                                              │
╰──────────────────────────────────────────────────────────────────────────────╯


[08/27/26 14:39:12] INFO     Starting MCP server 'Alpaca MCP    transport.py:241
                             Server' with transport 'stdio'                     


╭──────────────────────────────────────────────────────────────────────────────╮
│                                                                              │
│                                                                              │
│                         ▄▀▀ ▄▀█ █▀▀ ▀█▀ █▀▄▀█ █▀▀ █▀█                        │
│                         █▀  █▀█ ▄▄█  █  █ ▀ █ █▄▄ █▀▀                        │
│                                                                              │
│                                                                              │
│                                                                              │
│                                FastMCP 3.4.7                                 │
│                            https://gofastmcp.com                             │
│                                                                              │
│                  🖥  Server:      Alpaca MCP Server, 3.4.7                    │
│                  🚀 Deploy free: https://horizon.prefect.io                  │
│                                                                              │
╰──────────────────────────────────────────────────────────────────────────────╯


[08/27/26 14:39:32] INFO     Starting MCP server 'Alpaca MCP    transport.py:241
                             Server' with transport 'stdio'                     


╭──────────────────────────────────────────────────────────────────────────────╮
│                                                                              │
│                                                                              │
│                         ▄▀▀ ▄▀█ █▀▀ ▀█▀ █▀▄▀█ █▀▀ █▀█                        │
│                         █▀  █▀█ ▄▄█  █  █ ▀ █ █▄▄ █▀▀                        │
│                                                                              │
│                                                                              │
│                                                                              │
│                                FastMCP 3.4.7                                 │
│                            https://gofastmcp.com                             │
│                                                                              │
│                  🖥  Server:      Alpaca MCP Server, 3.4.7                    │
│                  🚀 Deploy free: https://horizon.prefect.io                  │
│                                                                              │
╰──────────────────────────────────────────────────────────────────────────────╯


[08/27/26 14:39:52] INFO     Starting MCP server 'Alpaca MCP    transport.py:241
                             Server' with transport 'stdio'                     


╭──────────────────────────────────────────────────────────────────────────────╮
│                                                                              │
│                                                                              │
│                         ▄▀▀ ▄▀█ █▀▀ ▀█▀ █▀▄▀█ █▀▀ █▀█                        │
│                         █▀  █▀█ ▄▄█  █  █ ▀ █ █▄▄ █▀▀                        │
│                                                                              │
│                                                                              │
│                                                                              │
│                                FastMCP 3.4.7                                 │
│                            https://gofastmcp.com                             │
│                                                                              │
│                  🖥  Server:      Alpaca MCP Server, 3.4.7                    │
│                  🚀 Deploy free: https://horizon.prefect.io                  │
│                                                                              │
╰──────────────────────────────────────────────────────────────────────────────╯


[08/27/26 14:40:12] INFO     Starting MCP server 'Alpaca MCP    transport.py:241
                             Server' with transport 'stdio'                     


╭──────────────────────────────────────────────────────────────────────────────╮
│                                                                              │
│                                                                              │
│                         ▄▀▀ ▄▀█ █▀▀ ▀█▀ █▀▄▀█ █▀▀ █▀█                        │
│                         █▀  █▀█ ▄▄█  █  █ ▀ █ █▄▄ █▀▀                        │
│                                                                              │
│                                                                              │
│                                                                              │
│                                FastMCP 3.4.7                                 │
│                            https://gofastmcp.com                             │
│                                                                              │
│                  🖥  Server:      Alpaca MCP Server, 3.4.7                    │
│                  🚀 Deploy free: https://horizon.prefect.io                  │
│                                                                              │
╰──────────────────────────────────────────────────────────────────────────────╯


[08/27/26 14:40:32] INFO     Starting MCP server 'Alpaca MCP    transport.py:241
                             Server' with transport 'stdio'                     


╭──────────────────────────────────────────────────────────────────────────────╮
│                                                                              │
│                                                                              │
│                         ▄▀▀ ▄▀█ █▀▀ ▀█▀ █▀▄▀█ █▀▀ █▀█                        │
│                         █▀  █▀█ ▄▄█  █  █ ▀ █ █▄▄ █▀▀                        │
│                                                                              │
│                                                                              │
│                                                                              │
│                                FastMCP 3.4.7                                 │
│                            https://gofastmcp.com                             │
│                                                                              │
│                  🖥  Server:      Alpaca MCP Server, 3.4.7                    │
│                  🚀 Deploy free: https://horizon.prefect.io                  │
│                                                                              │
╰──────────────────────────────────────────────────────────────────────────────╯


[08/27/26 14:40:52] INFO     Starting MCP server 'Alpaca MCP    transport.py:241
                             Server' with transport 'stdio'                     


╭──────────────────────────────────────────────────────────────────────────────╮
│                                                                              │
│                                                                              │
│                         ▄▀▀ ▄▀█ █▀▀ ▀█▀ █▀▄▀█ █▀▀ █▀█                        │
│                         █▀  █▀█ ▄▄█  █  █ ▀ █ █▄▄ █▀▀                        │
│                                                                              │
│                                                                              │
│                                                                              │
│                                FastMCP 3.4.7                                 │
│                            https://gofastmcp.com                             │
│                                                                              │
│                  🖥  Server:      Alpaca MCP Server, 3.4.7                    │
│                  🚀 Deploy free: https://horizon.prefect.io                  │
│                                                                              │
╰──────────────────────────────────────────────────────────────────────────────╯


[08/27/26 14:41:12] INFO     Starting MCP server 'Alpaca MCP    transport.py:241
                             Server' with transport 'stdio'                     


╭──────────────────────────────────────────────────────────────────────────────╮
│                                                                              │
│                                                                              │
│                         ▄▀▀ ▄▀█ █▀▀ ▀█▀ █▀▄▀█ █▀▀ █▀█                        │
│                         █▀  █▀█ ▄▄█  █  █ ▀ █ █▄▄ █▀▀                        │
│                                                                              │
│                                                                              │
│                                                                              │
│                                FastMCP 3.4.7                                 │
│                            https://gofastmcp.com                             │
│                                                                              │
│                  🖥  Server:      Alpaca MCP Server, 3.4.7                    │
│                  🚀 Deploy free: https://horizon.prefect.io                  │
│                                                                              │
╰──────────────────────────────────────────────────────────────────────────────╯


[08/27/26 14:41:32] INFO     Starting MCP server 'Alpaca MCP    transport.py:241
                             Server' with transport 'stdio'                     


╭──────────────────────────────────────────────────────────────────────────────╮
│                                                                              │
│                                                                              │
│                         ▄▀▀ ▄▀█ █▀▀ ▀█▀ █▀▄▀█ █▀▀ █▀█                        │
│                         █▀  █▀█ ▄▄█  █  █ ▀ █ █▄▄ █▀▀                        │
│                                                                              │
│                                                                              │
│                                                                              │
│                                FastMCP 3.4.7                                 │
│                            https://gofastmcp.com                             │
│                                                                              │
│                  🖥  Server:      Alpaca MCP Server, 3.4.7                    │
│                  🚀 Deploy free: https://horizon.prefect.io                  │
│                                                                              │
╰──────────────────────────────────────────────────────────────────────────────╯


[08/27/26 14:41:52] INFO     Starting MCP server 'Alpaca MCP    transport.py:241
                             Server' with transport 'stdio'                     


╭──────────────────────────────────────────────────────────────────────────────╮
│                                                                              │
│                                                                              │
│                         ▄▀▀ ▄▀█ █▀▀ ▀█▀ █▀▄▀█ █▀▀ █▀█                        │
│                         █▀  █▀█ ▄▄█  █  █ ▀ █ █▄▄ █▀▀                        │
│                                                                              │
│                                                                              │
│                                                                              │
│                                FastMCP 3.4.7                                 │
│                            https://gofastmcp.com                             │
│                                                                              │
│                  🖥  Server:      Alpaca MCP Server, 3.4.7                    │
│                  🚀 Deploy free: https://horizon.prefect.io                  │
│                                                                              │
╰──────────────────────────────────────────────────────────────────────────────╯


[08/27/26 14:42:12] INFO     Starting MCP server 'Alpaca MCP    transport.py:241
                             Server' with transport 'stdio'                     


╭──────────────────────────────────────────────────────────────────────────────╮
│                                                                              │
│                                                                              │
│                         ▄▀▀ ▄▀█ █▀▀ ▀█▀ █▀▄▀█ █▀▀ █▀█                        │
│                         █▀  █▀█ ▄▄█  █  █ ▀ █ █▄▄ █▀▀                        │
│                                                                              │
│                                                                              │
│                                                                              │
│                                FastMCP 3.4.7                                 │
│                            https://gofastmcp.com                             │
│                                                                              │
│                  🖥  Server:      Alpaca MCP Server, 3.4.7                    │
│                  🚀 Deploy free: https://horizon.prefect.io                  │
│                                                                              │
╰──────────────────────────────────────────────────────────────────────────────╯


[08/27/26 14:42:32] INFO     Starting MCP server 'Alpaca MCP    transport.py:241
                             Server' with transport 'stdio'                     


╭──────────────────────────────────────────────────────────────────────────────╮
│                                                                              │
│                                                                              │
│                         ▄▀▀ ▄▀█ █▀▀ ▀█▀ █▀▄▀█ █▀▀ █▀█                        │
│                         █▀  █▀█ ▄▄█  █  █ ▀ █ █▄▄ █▀▀                        │
│                                                                              │
│                                                                              │
│                                                                              │
│                                FastMCP 3.4.7                                 │
│                            https://gofastmcp.com                             │
│                                                                              │
│                  🖥  Server:      Alpaca MCP Server, 3.4.7                    │
│                  🚀 Deploy free: https://horizon.prefect.io                  │
│                                                                              │
╰──────────────────────────────────────────────────────────────────────────────╯


[08/27/26 14:42:52] INFO     Starting MCP server 'Alpaca MCP    transport.py:241
                             Server' with transport 'stdio'                     


╭──────────────────────────────────────────────────────────────────────────────╮
│                                                                              │
│                                                                              │
│                         ▄▀▀ ▄▀█ █▀▀ ▀█▀ █▀▄▀█ █▀▀ █▀█                        │
│                         █▀  █▀█ ▄▄█  █  █ ▀ █ █▄▄ █▀▀                        │
│                                                                              │
│                                                                              │
│                                                                              │
│                                FastMCP 3.4.7                                 │
│                            https://gofastmcp.com                             │
│                                                                              │
│                  🖥  Server:      Alpaca MCP Server, 3.4.7                    │
│                  🚀 Deploy free: https://horizon.prefect.io                  │
│                                                                              │
╰──────────────────────────────────────────────────────────────────────────────╯


[08/27/26 14:43:12] INFO     Starting MCP server 'Alpaca MCP    transport.py:241
                             Server' with transport 'stdio'                     


╭──────────────────────────────────────────────────────────────────────────────╮
│                                                                              │
│                                                                              │
│                         ▄▀▀ ▄▀█ █▀▀ ▀█▀ █▀▄▀█ █▀▀ █▀█                        │
│                         █▀  █▀█ ▄▄█  █  █ ▀ █ █▄▄ █▀▀                        │
│                                                                              │
│                                                                              │
│                                                                              │
│                                FastMCP 3.4.7                                 │
│                            https://gofastmcp.com                             │
│                                                                              │
│                  🖥  Server:      Alpaca MCP Server, 3.4.7                    │
│                  🚀 Deploy free: https://horizon.prefect.io                  │
│                                                                              │
╰──────────────────────────────────────────────────────────────────────────────╯


[08/27/26 14:43:32] INFO     Starting MCP server 'Alpaca MCP    transport.py:241
                             Server' with transport 'stdio'                     


╭──────────────────────────────────────────────────────────────────────────────╮
│                                                                              │
│                                                                              │
│                         ▄▀▀ ▄▀█ █▀▀ ▀█▀ █▀▄▀█ █▀▀ █▀█                        │
│                         █▀  █▀█ ▄▄█  █  █ ▀ █ █▄▄ █▀▀                        │
│                                                                              │
│                                                                              │
│                                                                              │
│                                FastMCP 3.4.7                                 │
│                            https://gofastmcp.com                             │
│                                                                              │
│                  🖥  Server:      Alpaca MCP Server, 3.4.7                    │
│                  🚀 Deploy free: https://horizon.prefect.io                  │
│                                                                              │
╰──────────────────────────────────────────────────────────────────────────────╯


[08/27/26 14:43:52] INFO     Starting MCP server 'Alpaca MCP    transport.py:241
                             Server' with transport 'stdio'                     


╭──────────────────────────────────────────────────────────────────────────────╮
│                                                                              │
│                                                                              │
│                         ▄▀▀ ▄▀█ █▀▀ ▀█▀ █▀▄▀█ █▀▀ █▀█                        │
│                         █▀  █▀█ ▄▄█  █  █ ▀ █ █▄▄ █▀▀                        │
│                                                                              │
│                                                                              │
│                                                                              │
│                                FastMCP 3.4.7                                 │
│                            https://gofastmcp.com                             │
│                                                                              │
│                  🖥  Server:      Alpaca MCP Server, 3.4.7                    │
│                  🚀 Deploy free: https://horizon.prefect.io                  │
│                                                                              │
╰──────────────────────────────────────────────────────────────────────────────╯


[08/27/26 14:44:12] INFO     Starting MCP server 'Alpaca MCP    transport.py:241
                             Server' with transport 'stdio'                     


╭──────────────────────────────────────────────────────────────────────────────╮
│                                                                              │
│                                                                              │
│                         ▄▀▀ ▄▀█ █▀▀ ▀█▀ █▀▄▀█ █▀▀ █▀█                        │
│                         █▀  █▀█ ▄▄█  █  █ ▀ █ █▄▄ █▀▀                        │
│                                                                              │
│                                                                              │
│                                                                              │
│                                FastMCP 3.4.7                                 │
│                            https://gofastmcp.com                             │
│                                                                              │
│                  🖥  Server:      Alpaca MCP Server, 3.4.7                    │
│                  🚀 Deploy free: https://horizon.prefect.io                  │
│                                                                              │
╰──────────────────────────────────────────────────────────────────────────────╯


[08/27/26 14:44:32] INFO     Starting MCP server 'Alpaca MCP    transport.py:241
                             Server' with transport 'stdio'                     


╭──────────────────────────────────────────────────────────────────────────────╮
│                                                                              │
│                                                                              │
│                         ▄▀▀ ▄▀█ █▀▀ ▀█▀ █▀▄▀█ █▀▀ █▀█                        │
│                         █▀  █▀█ ▄▄█  █  █ ▀ █ █▄▄ █▀▀                        │
│                                                                              │
│                                                                              │
│                                                                              │
│                                FastMCP 3.4.7                                 │
│                            https://gofastmcp.com                             │
│                                                                              │
│                  🖥  Server:      Alpaca MCP Server, 3.4.7                    │
│                  🚀 Deploy free: https://horizon.prefect.io                  │
│                                                                              │
╰──────────────────────────────────────────────────────────────────────────────╯


[08/27/26 14:44:52] INFO     Starting MCP server 'Alpaca MCP    transport.py:241
                             Server' with transport 'stdio'                     


╭──────────────────────────────────────────────────────────────────────────────╮
│                                                                              │
│                                                                              │
│                         ▄▀▀ ▄▀█ █▀▀ ▀█▀ █▀▄▀█ █▀▀ █▀█                        │
│                         █▀  █▀█ ▄▄█  █  █ ▀ █ █▄▄ █▀▀                        │
│                                                                              │
│                                                                              │
│                                                                              │
│                                FastMCP 3.4.7                                 │
│                            https://gofastmcp.com                             │
│                                                                              │
│                  🖥  Server:      Alpaca MCP Server, 3.4.7                    │
│                  🚀 Deploy free: https://horizon.prefect.io                  │
│                                                                              │
╰──────────────────────────────────────────────────────────────────────────────╯


[08/27/26 14:45:12] INFO     Starting MCP server 'Alpaca MCP    transport.py:241
                             Server' with transport 'stdio'                     


╭──────────────────────────────────────────────────────────────────────────────╮
│                                                                              │
│                                                                              │
│                         ▄▀▀ ▄▀█ █▀▀ ▀█▀ █▀▄▀█ █▀▀ █▀█                        │
│                         █▀  █▀█ ▄▄█  █  █ ▀ █ █▄▄ █▀▀                        │
│                                                                              │
│                                                                              │
│                                                                              │
│                                FastMCP 3.4.7                                 │
│                            https://gofastmcp.com                             │
│                                                                              │
│                  🖥  Server:      Alpaca MCP Server, 3.4.7                    │
│                  🚀 Deploy free: https://horizon.prefect.io                  │
│                                                                              │
╰──────────────────────────────────────────────────────────────────────────────╯


[08/27/26 14:45:32] INFO     Starting MCP server 'Alpaca MCP    transport.py:241
                             Server' with transport 'stdio'                     


╭──────────────────────────────────────────────────────────────────────────────╮
│                                                                              │
│                                                                              │
│                         ▄▀▀ ▄▀█ █▀▀ ▀█▀ █▀▄▀█ █▀▀ █▀█                        │
│                         █▀  █▀█ ▄▄█  █  █ ▀ █ █▄▄ █▀▀                        │
│                                                                              │
│                                                                              │
│                                                                              │
│                                FastMCP 3.4.7                                 │
│                            https://gofastmcp.com                             │
│                                                                              │
│                  🖥  Server:      Alpaca MCP Server, 3.4.7                    │
│                  🚀 Deploy free: https://horizon.prefect.io                  │
│                                                                              │
╰──────────────────────────────────────────────────────────────────────────────╯


[08/27/26 14:45:52] INFO     Starting MCP server 'Alpaca MCP    transport.py:241
                             Server' with transport 'stdio'                     


╭──────────────────────────────────────────────────────────────────────────────╮
│                                                                              │
│                                                                              │
│                         ▄▀▀ ▄▀█ █▀▀ ▀█▀ █▀▄▀█ █▀▀ █▀█                        │
│                         █▀  █▀█ ▄▄█  █  █ ▀ █ █▄▄ █▀▀                        │
│                                                                              │
│                                                                              │
│                                                                              │
│                                FastMCP 3.4.7                                 │
│                            https://gofastmcp.com                             │
│                                                                              │
│                  🖥  Server:      Alpaca MCP Server, 3.4.7                    │
│                  🚀 Deploy free: https://horizon.prefect.io                  │
│                                                                              │
╰──────────────────────────────────────────────────────────────────────────────╯


[08/27/26 14:46:12] INFO     Starting MCP server 'Alpaca MCP    transport.py:241
                             Server' with transport 'stdio'                     


╭──────────────────────────────────────────────────────────────────────────────╮
│                                                                              │
│                                                                              │
│                         ▄▀▀ ▄▀█ █▀▀ ▀█▀ █▀▄▀█ █▀▀ █▀█                        │
│                         █▀  █▀█ ▄▄█  █  █ ▀ █ █▄▄ █▀▀                        │
│                                                                              │
│                                                                              │
│                                                                              │
│                                FastMCP 3.4.7                                 │
│                            https://gofastmcp.com                             │
│                                                                              │
│                  🖥  Server:      Alpaca MCP Server, 3.4.7                    │
│                  🚀 Deploy free: https://horizon.prefect.io                  │
│                                                                              │
╰──────────────────────────────────────────────────────────────────────────────╯


[08/27/26 14:46:32] INFO     Starting MCP server 'Alpaca MCP    transport.py:241
                             Server' with transport 'stdio'                     


╭──────────────────────────────────────────────────────────────────────────────╮
│                                                                              │
│                                                                              │
│                         ▄▀▀ ▄▀█ █▀▀ ▀█▀ █▀▄▀█ █▀▀ █▀█                        │
│                         █▀  █▀█ ▄▄█  █  █ ▀ █ █▄▄ █▀▀                        │
│                                                                              │
│                                                                              │
│                                                                              │
│                                FastMCP 3.4.7                                 │
│                            https://gofastmcp.com                             │
│                                                                              │
│                  🖥  Server:      Alpaca MCP Server, 3.4.7                    │
│                  🚀 Deploy free: https://horizon.prefect.io                  │
│                                                                              │
╰──────────────────────────────────────────────────────────────────────────────╯


[08/27/26 14:46:52] INFO     Starting MCP server 'Alpaca MCP    transport.py:241
                             Server' with transport 'stdio'                     


╭──────────────────────────────────────────────────────────────────────────────╮
│                                                                              │
│                                                                              │
│                         ▄▀▀ ▄▀█ █▀▀ ▀█▀ █▀▄▀█ █▀▀ █▀█                        │
│                         █▀  █▀█ ▄▄█  █  █ ▀ █ █▄▄ █▀▀                        │
│                                                                              │
│                                                                              │
│                                                                              │
│                                FastMCP 3.4.7                                 │
│                            https://gofastmcp.com                             │
│                                                                              │
│                  🖥  Server:      Alpaca MCP Server, 3.4.7                    │
│                  🚀 Deploy free: https://horizon.prefect.io                  │
│                                                                              │
╰──────────────────────────────────────────────────────────────────────────────╯


[08/27/26 14:47:12] INFO     Starting MCP server 'Alpaca MCP    transport.py:241
                             Server' with transport 'stdio'                     


╭──────────────────────────────────────────────────────────────────────────────╮
│                                                                              │
│                                                                              │
│                         ▄▀▀ ▄▀█ █▀▀ ▀█▀ █▀▄▀█ █▀▀ █▀█                        │
│                         █▀  █▀█ ▄▄█  █  █ ▀ █ █▄▄ █▀▀                        │
│                                                                              │
│                                                                              │
│                                                                              │
│                                FastMCP 3.4.7                                 │
│                            https://gofastmcp.com                             │
│                                                                              │
│                  🖥  Server:      Alpaca MCP Server, 3.4.7                    │
│                  🚀 Deploy free: https://horizon.prefect.io                  │
│                                                                              │
╰──────────────────────────────────────────────────────────────────────────────╯


[08/27/26 14:47:32] INFO     Starting MCP server 'Alpaca MCP    transport.py:241
                             Server' with transport 'stdio'                     


╭──────────────────────────────────────────────────────────────────────────────╮
│                                                                              │
│                                                                              │
│                         ▄▀▀ ▄▀█ █▀▀ ▀█▀ █▀▄▀█ █▀▀ █▀█                        │
│                         █▀  █▀█ ▄▄█  █  █ ▀ █ █▄▄ █▀▀                        │
│                                                                              │
│                                                                              │
│                                                                              │
│                                FastMCP 3.4.7                                 │
│                            https://gofastmcp.com                             │
│                                                                              │
│                  🖥  Server:      Alpaca MCP Server, 3.4.7                    │
│                  🚀 Deploy free: https://horizon.prefect.io                  │
│                                                                              │
╰──────────────────────────────────────────────────────────────────────────────╯


[08/27/26 14:47:52] INFO     Starting MCP server 'Alpaca MCP    transport.py:241
                             Server' with transport 'stdio'                     


╭──────────────────────────────────────────────────────────────────────────────╮
│                                                                              │
│                                                                              │
│                         ▄▀▀ ▄▀█ █▀▀ ▀█▀ █▀▄▀█ █▀▀ █▀█                        │
│                         █▀  █▀█ ▄▄█  █  █ ▀ █ █▄▄ █▀▀                        │
│                                                                              │
│                                                                              │
│                                                                              │
│                                FastMCP 3.4.7                                 │
│                            https://gofastmcp.com                             │
│                                                                              │
│                  🖥  Server:      Alpaca MCP Server, 3.4.7                    │
│                  🚀 Deploy free: https://horizon.prefect.io                  │
│                                                                              │
╰──────────────────────────────────────────────────────────────────────────────╯


[08/27/26 14:48:12] INFO     Starting MCP server 'Alpaca MCP    transport.py:241
                             Server' with transport 'stdio'                     


╭──────────────────────────────────────────────────────────────────────────────╮
│                                                                              │
│                                                                              │
│                         ▄▀▀ ▄▀█ █▀▀ ▀█▀ █▀▄▀█ █▀▀ █▀█                        │
│                         █▀  █▀█ ▄▄█  █  █ ▀ █ █▄▄ █▀▀                        │
│                                                                              │
│                                                                              │
│                                                                              │
│                                FastMCP 3.4.7                                 │
│                            https://gofastmcp.com                             │
│                                                                              │
│                  🖥  Server:      Alpaca MCP Server, 3.4.7                    │
│                  🚀 Deploy free: https://horizon.prefect.io                  │
│                                                                              │
╰──────────────────────────────────────────────────────────────────────────────╯


[08/27/26 14:48:32] INFO     Starting MCP server 'Alpaca MCP    transport.py:241
                             Server' with transport 'stdio'                     


╭──────────────────────────────────────────────────────────────────────────────╮
│                                                                              │
│                                                                              │
│                         ▄▀▀ ▄▀█ █▀▀ ▀█▀ █▀▄▀█ █▀▀ █▀█                        │
│                         █▀  █▀█ ▄▄█  █  █ ▀ █ █▄▄ █▀▀                        │
│                                                                              │
│                                                                              │
│                                                                              │
│                                FastMCP 3.4.7                                 │
│                            https://gofastmcp.com                             │
│                                                                              │
│                  🖥  Server:      Alpaca MCP Server, 3.4.7                    │
│                  🚀 Deploy free: https://horizon.prefect.io                  │
│                                                                              │
╰──────────────────────────────────────────────────────────────────────────────╯


[08/27/26 14:48:52] INFO     Starting MCP server 'Alpaca MCP    transport.py:241
                             Server' with transport 'stdio'                     


╭──────────────────────────────────────────────────────────────────────────────╮
│                                                                              │
│                                                                              │
│                         ▄▀▀ ▄▀█ █▀▀ ▀█▀ █▀▄▀█ █▀▀ █▀█                        │
│                         █▀  █▀█ ▄▄█  █  █ ▀ █ █▄▄ █▀▀                        │
│                                                                              │
│                                                                              │
│                                                                              │
│                                FastMCP 3.4.7                                 │
│                            https://gofastmcp.com                             │
│                                                                              │
│                  🖥  Server:      Alpaca MCP Server, 3.4.7                    │
│                  🚀 Deploy free: https://horizon.prefect.io                  │
│                                                                              │
╰──────────────────────────────────────────────────────────────────────────────╯


[08/27/26 14:49:12] INFO     Starting MCP server 'Alpaca MCP    transport.py:241
                             Server' with transport 'stdio'                     


╭──────────────────────────────────────────────────────────────────────────────╮
│                                                                              │
│                                                                              │
│                         ▄▀▀ ▄▀█ █▀▀ ▀█▀ █▀▄▀█ █▀▀ █▀█                        │
│                         █▀  █▀█ ▄▄█  █  █ ▀ █ █▄▄ █▀▀                        │
│                                                                              │
│                                                                              │
│                                                                              │
│                                FastMCP 3.4.7                                 │
│                            https://gofastmcp.com                             │
│                                                                              │
│                  🖥  Server:      Alpaca MCP Server, 3.4.7                    │
│                  🚀 Deploy free: https://horizon.prefect.io                  │
│                                                                              │
╰──────────────────────────────────────────────────────────────────────────────╯


[08/27/26 14:49:32] INFO     Starting MCP server 'Alpaca MCP    transport.py:241
                             Server' with transport 'stdio'                     


╭──────────────────────────────────────────────────────────────────────────────╮
│                                                                              │
│                                                                              │
│                         ▄▀▀ ▄▀█ █▀▀ ▀█▀ █▀▄▀█ █▀▀ █▀█                        │
│                         █▀  █▀█ ▄▄█  █  █ ▀ █ █▄▄ █▀▀                        │
│                                                                              │
│                                                                              │
│                                                                              │
│                                FastMCP 3.4.7                                 │
│                            https://gofastmcp.com                             │
│                                                                              │
│                  🖥  Server:      Alpaca MCP Server, 3.4.7                    │
│                  🚀 Deploy free: https://horizon.prefect.io                  │
│                                                                              │
╰──────────────────────────────────────────────────────────────────────────────╯


[08/27/26 14:49:52] INFO     Starting MCP server 'Alpaca MCP    transport.py:241
                             Server' with transport 'stdio'                     


╭──────────────────────────────────────────────────────────────────────────────╮
│                                                                              │
│                                                                              │
│                         ▄▀▀ ▄▀█ █▀▀ ▀█▀ █▀▄▀█ █▀▀ █▀█                        │
│                         █▀  █▀█ ▄▄█  █  █ ▀ █ █▄▄ █▀▀                        │
│                                                                              │
│                                                                              │
│                                                                              │
│                                FastMCP 3.4.7                                 │
│                            https://gofastmcp.com                             │
│                                                                              │
│                  🖥  Server:      Alpaca MCP Server, 3.4.7                    │
│                  🚀 Deploy free: https://horizon.prefect.io                  │
│                                                                              │
╰──────────────────────────────────────────────────────────────────────────────╯


[08/27/26 14:50:12] INFO     Starting MCP server 'Alpaca MCP    transport.py:241
                             Server' with transport 'stdio'                     


╭──────────────────────────────────────────────────────────────────────────────╮
│                                                                              │
│                                                                              │
│                         ▄▀▀ ▄▀█ █▀▀ ▀█▀ █▀▄▀█ █▀▀ █▀█                        │
│                         █▀  █▀█ ▄▄█  █  █ ▀ █ █▄▄ █▀▀                        │
│                                                                              │
│                                                                              │
│                                                                              │
│                                FastMCP 3.4.7                                 │
│                            https://gofastmcp.com                             │
│                                                                              │
│                  🖥  Server:      Alpaca MCP Server, 3.4.7                    │
│                  🚀 Deploy free: https://horizon.prefect.io                  │
│                                                                              │
╰──────────────────────────────────────────────────────────────────────────────╯


[08/27/26 14:50:32] INFO     Starting MCP server 'Alpaca MCP    transport.py:241
                             Server' with transport 'stdio'                     


╭──────────────────────────────────────────────────────────────────────────────╮
│                                                                              │
│                                                                              │
│                         ▄▀▀ ▄▀█ █▀▀ ▀█▀ █▀▄▀█ █▀▀ █▀█                        │
│                         █▀  █▀█ ▄▄█  █  █ ▀ █ █▄▄ █▀▀                        │
│                                                                              │
│                                                                              │
│                                                                              │
│                                FastMCP 3.4.7                                 │
│                            https://gofastmcp.com                             │
│                                                                              │
│                  🖥  Server:      Alpaca MCP Server, 3.4.7                    │
│                  🚀 Deploy free: https://horizon.prefect.io                  │
│                                                                              │
╰──────────────────────────────────────────────────────────────────────────────╯


[08/27/26 14:50:52] INFO     Starting MCP server 'Alpaca MCP    transport.py:241
                             Server' with transport 'stdio'                     


╭──────────────────────────────────────────────────────────────────────────────╮
│                                                                              │
│                                                                              │
│                         ▄▀▀ ▄▀█ █▀▀ ▀█▀ █▀▄▀█ █▀▀ █▀█                        │
│                         █▀  █▀█ ▄▄█  █  █ ▀ █ █▄▄ █▀▀                        │
│                                                                              │
│                                                                              │
│                                                                              │
│                                FastMCP 3.4.7                                 │
│                            https://gofastmcp.com                             │
│                                                                              │
│                  🖥  Server:      Alpaca MCP Server, 3.4.7                    │
│                  🚀 Deploy free: https://horizon.prefect.io                  │
│                                                                              │
╰──────────────────────────────────────────────────────────────────────────────╯


[08/27/26 14:51:12] INFO     Starting MCP server 'Alpaca MCP    transport.py:241
                             Server' with transport 'stdio'                     


╭──────────────────────────────────────────────────────────────────────────────╮
│                                                                              │
│                                                                              │
│                         ▄▀▀ ▄▀█ █▀▀ ▀█▀ █▀▄▀█ █▀▀ █▀█                        │
│                         █▀  █▀█ ▄▄█  █  █ ▀ █ █▄▄ █▀▀                        │
│                                                                              │
│                                                                              │
│                                                                              │
│                                FastMCP 3.4.7                                 │
│                            https://gofastmcp.com                             │
│                                                                              │
│                  🖥  Server:      Alpaca MCP Server, 3.4.7                    │
│                  🚀 Deploy free: https://horizon.prefect.io                  │
│                                                                              │
╰──────────────────────────────────────────────────────────────────────────────╯


[08/27/26 14:51:32] INFO     Starting MCP server 'Alpaca MCP    transport.py:241
                             Server' with transport 'stdio'                     


╭──────────────────────────────────────────────────────────────────────────────╮
│                                                                              │
│                                                                              │
│                         ▄▀▀ ▄▀█ █▀▀ ▀█▀ █▀▄▀█ █▀▀ █▀█                        │
│                         █▀  █▀█ ▄▄█  █  █ ▀ █ █▄▄ █▀▀                        │
│                                                                              │
│                                                                              │
│                                                                              │
│                                FastMCP 3.4.7                                 │
│                            https://gofastmcp.com                             │
│                                                                              │
│                  🖥  Server:      Alpaca MCP Server, 3.4.7                    │
│                  🚀 Deploy free: https://horizon.prefect.io                  │
│                                                                              │
╰──────────────────────────────────────────────────────────────────────────────╯


[08/27/26 14:51:52] INFO     Starting MCP server 'Alpaca MCP    transport.py:241
                             Server' with transport 'stdio'                     


╭──────────────────────────────────────────────────────────────────────────────╮
│                                                                              │
│                                                                              │
│                         ▄▀▀ ▄▀█ █▀▀ ▀█▀ █▀▄▀█ █▀▀ █▀█                        │
│                         █▀  █▀█ ▄▄█  █  █ ▀ █ █▄▄ █▀▀                        │
│                                                                              │
│                                                                              │
│                                                                              │
│                                FastMCP 3.4.7                                 │
│                            https://gofastmcp.com                             │
│                                                                              │
│                  🖥  Server:      Alpaca MCP Server, 3.4.7                    │
│                  🚀 Deploy free: https://horizon.prefect.io                  │
│                                                                              │
╰──────────────────────────────────────────────────────────────────────────────╯


[08/27/26 14:52:12] INFO     Starting MCP server 'Alpaca MCP    transport.py:241
                             Server' with transport 'stdio'                     


╭──────────────────────────────────────────────────────────────────────────────╮
│                                                                              │
│                                                                              │
│                         ▄▀▀ ▄▀█ █▀▀ ▀█▀ █▀▄▀█ █▀▀ █▀█                        │
│                         █▀  █▀█ ▄▄█  █  █ ▀ █ █▄▄ █▀▀                        │
│                                                                              │
│                                                                              │
│                                                                              │
│                                FastMCP 3.4.7                                 │
│                            https://gofastmcp.com                             │
│                                                                              │
│                  🖥  Server:      Alpaca MCP Server, 3.4.7                    │
│                  🚀 Deploy free: https://horizon.prefect.io                  │
│                                                                              │
╰──────────────────────────────────────────────────────────────────────────────╯


[08/27/26 14:52:32] INFO     Starting MCP server 'Alpaca MCP    transport.py:241
                             Server' with transport 'stdio'                     


╭──────────────────────────────────────────────────────────────────────────────╮
│                                                                              │
│                                                                              │
│                         ▄▀▀ ▄▀█ █▀▀ ▀█▀ █▀▄▀█ █▀▀ █▀█                        │
│                         █▀  █▀█ ▄▄█  █  █ ▀ █ █▄▄ █▀▀                        │
│                                                                              │
│                                                                              │
│                                                                              │
│                                FastMCP 3.4.7                                 │
│                            https://gofastmcp.com                             │
│                                                                              │
│                  🖥  Server:      Alpaca MCP Server, 3.4.7                    │
│                  🚀 Deploy free: https://horizon.prefect.io                  │
│                                                                              │
╰──────────────────────────────────────────────────────────────────────────────╯


[08/27/26 14:52:52] INFO     Starting MCP server 'Alpaca MCP    transport.py:241
                             Server' with transport 'stdio'                     


╭──────────────────────────────────────────────────────────────────────────────╮
│                                                                              │
│                                                                              │
│                         ▄▀▀ ▄▀█ █▀▀ ▀█▀ █▀▄▀█ █▀▀ █▀█                        │
│                         █▀  █▀█ ▄▄█  █  █ ▀ █ █▄▄ █▀▀                        │
│                                                                              │
│                                                                              │
│                                                                              │
│                                FastMCP 3.4.7                                 │
│                            https://gofastmcp.com                             │
│                                                                              │
│                  🖥  Server:      Alpaca MCP Server, 3.4.7                    │
│                  🚀 Deploy free: https://horizon.prefect.io                  │
│                                                                              │
╰──────────────────────────────────────────────────────────────────────────────╯


[08/27/26 14:53:12] INFO     Starting MCP server 'Alpaca MCP    transport.py:241
                             Server' with transport 'stdio'                     


╭──────────────────────────────────────────────────────────────────────────────╮
│                                                                              │
│                                                                              │
│                         ▄▀▀ ▄▀█ █▀▀ ▀█▀ █▀▄▀█ █▀▀ █▀█                        │
│                         █▀  █▀█ ▄▄█  █  █ ▀ █ █▄▄ █▀▀                        │
│                                                                              │
│                                                                              │
│                                                                              │
│                                FastMCP 3.4.7                                 │
│                            https://gofastmcp.com                             │
│                                                                              │
│                  🖥  Server:      Alpaca MCP Server, 3.4.7                    │
│                  🚀 Deploy free: https://horizon.prefect.io                  │
│                                                                              │
╰──────────────────────────────────────────────────────────────────────────────╯


[08/27/26 14:53:32] INFO     Starting MCP server 'Alpaca MCP    transport.py:241
                             Server' with transport 'stdio'                     


╭──────────────────────────────────────────────────────────────────────────────╮
│                                                                              │
│                                                                              │
│                         ▄▀▀ ▄▀█ █▀▀ ▀█▀ █▀▄▀█ █▀▀ █▀█                        │
│                         █▀  █▀█ ▄▄█  █  █ ▀ █ █▄▄ █▀▀                        │
│                                                                              │
│                                                                              │
│                                                                              │
│                                FastMCP 3.4.7                                 │
│                            https://gofastmcp.com                             │
│                                                                              │
│                  🖥  Server:      Alpaca MCP Server, 3.4.7                    │
│                  🚀 Deploy free: https://horizon.prefect.io                  │
│                                                                              │
╰──────────────────────────────────────────────────────────────────────────────╯


[08/27/26 14:53:52] INFO     Starting MCP server 'Alpaca MCP    transport.py:241
                             Server' with transport 'stdio'                     


╭──────────────────────────────────────────────────────────────────────────────╮
│                                                                              │
│                                                                              │
│                         ▄▀▀ ▄▀█ █▀▀ ▀█▀ █▀▄▀█ █▀▀ █▀█                        │
│                         █▀  █▀█ ▄▄█  █  █ ▀ █ █▄▄ █▀▀                        │
│                                                                              │
│                                                                              │
│                                                                              │
│                                FastMCP 3.4.7                                 │
│                            https://gofastmcp.com                             │
│                                                                              │
│                  🖥  Server:      Alpaca MCP Server, 3.4.7                    │
│                  🚀 Deploy free: https://horizon.prefect.io                  │
│                                                                              │
╰──────────────────────────────────────────────────────────────────────────────╯


[08/27/26 14:54:12] INFO     Starting MCP server 'Alpaca MCP    transport.py:241
                             Server' with transport 'stdio'                     


╭──────────────────────────────────────────────────────────────────────────────╮
│                                                                              │
│                                                                              │
│                         ▄▀▀ ▄▀█ █▀▀ ▀█▀ █▀▄▀█ █▀▀ █▀█                        │
│                         █▀  █▀█ ▄▄█  █  █ ▀ █ █▄▄ █▀▀                        │
│                                                                              │
│                                                                              │
│                                                                              │
│                                FastMCP 3.4.7                                 │
│                            https://gofastmcp.com                             │
│                                                                              │
│                  🖥  Server:      Alpaca MCP Server, 3.4.7                    │
│                  🚀 Deploy free: https://horizon.prefect.io                  │
│                                                                              │
╰──────────────────────────────────────────────────────────────────────────────╯


[08/27/26 14:54:32] INFO     Starting MCP server 'Alpaca MCP    transport.py:241
                             Server' with transport 'stdio'                     


╭──────────────────────────────────────────────────────────────────────────────╮
│                                                                              │
│                                                                              │
│                         ▄▀▀ ▄▀█ █▀▀ ▀█▀ █▀▄▀█ █▀▀ █▀█                        │
│                         █▀  █▀█ ▄▄█  █  █ ▀ █ █▄▄ █▀▀                        │
│                                                                              │
│                                                                              │
│                                                                              │
│                                FastMCP 3.4.7                                 │
│                            https://gofastmcp.com                             │
│                                                                              │
│                  🖥  Server:      Alpaca MCP Server, 3.4.7                    │
│                  🚀 Deploy free: https://horizon.prefect.io                  │
│                                                                              │
╰──────────────────────────────────────────────────────────────────────────────╯


[08/27/26 14:54:52] INFO     Starting MCP server 'Alpaca MCP    transport.py:241
                             Server' with transport 'stdio'                     


╭──────────────────────────────────────────────────────────────────────────────╮
│                                                                              │
│                                                                              │
│                         ▄▀▀ ▄▀█ █▀▀ ▀█▀ █▀▄▀█ █▀▀ █▀█                        │
│                         █▀  █▀█ ▄▄█  █  █ ▀ █ █▄▄ █▀▀                        │
│                                                                              │
│                                                                              │
│                                                                              │
│                                FastMCP 3.4.7                                 │
│                            https://gofastmcp.com                             │
│                                                                              │
│                  🖥  Server:      Alpaca MCP Server, 3.4.7                    │
│                  🚀 Deploy free: https://horizon.prefect.io                  │
│                                                                              │
╰──────────────────────────────────────────────────────────────────────────────╯


[08/27/26 14:55:12] INFO     Starting MCP server 'Alpaca MCP    transport.py:241
                             Server' with transport 'stdio'                     


╭──────────────────────────────────────────────────────────────────────────────╮
│                                                                              │
│                                                                              │
│                         ▄▀▀ ▄▀█ █▀▀ ▀█▀ █▀▄▀█ █▀▀ █▀█                        │
│                         █▀  █▀█ ▄▄█  █  █ ▀ █ █▄▄ █▀▀                        │
│                                                                              │
│                                                                              │
│                                                                              │
│                                FastMCP 3.4.7                                 │
│                            https://gofastmcp.com                             │
│                                                                              │
│                  🖥  Server:      Alpaca MCP Server, 3.4.7                    │
│                  🚀 Deploy free: https://horizon.prefect.io                  │
│                                                                              │
╰──────────────────────────────────────────────────────────────────────────────╯


[08/27/26 14:55:32] INFO     Starting MCP server 'Alpaca MCP    transport.py:241
                             Server' with transport 'stdio'                     


╭──────────────────────────────────────────────────────────────────────────────╮
│                                                                              │
│                                                                              │
│                         ▄▀▀ ▄▀█ █▀▀ ▀█▀ █▀▄▀█ █▀▀ █▀█                        │
│                         █▀  █▀█ ▄▄█  █  █ ▀ █ █▄▄ █▀▀                        │
│                                                                              │
│                                                                              │
│                                                                              │
│                                FastMCP 3.4.7                                 │
│                            https://gofastmcp.com                             │
│                                                                              │
│                  🖥  Server:      Alpaca MCP Server, 3.4.7                    │
│                  🚀 Deploy free: https://horizon.prefect.io                  │
│                                                                              │
╰──────────────────────────────────────────────────────────────────────────────╯


[08/27/26 14:55:52] INFO     Starting MCP server 'Alpaca MCP    transport.py:241
                             Server' with transport 'stdio'                     


╭──────────────────────────────────────────────────────────────────────────────╮
│                                                                              │
│                                                                              │
│                         ▄▀▀ ▄▀█ █▀▀ ▀█▀ █▀▄▀█ █▀▀ █▀█                        │
│                         █▀  █▀█ ▄▄█  █  █ ▀ █ █▄▄ █▀▀                        │
│                                                                              │
│                                                                              │
│                                                                              │
│                                FastMCP 3.4.7                                 │
│                            https://gofastmcp.com                             │
│                                                                              │
│                  🖥  Server:      Alpaca MCP Server, 3.4.7                    │
│                  🚀 Deploy free: https://horizon.prefect.io                  │
│                                                                              │
╰──────────────────────────────────────────────────────────────────────────────╯


[08/27/26 14:56:12] INFO     Starting MCP server 'Alpaca MCP    transport.py:241
                             Server' with transport 'stdio'                     


╭──────────────────────────────────────────────────────────────────────────────╮
│                                                                              │
│                                                                              │
│                         ▄▀▀ ▄▀█ █▀▀ ▀█▀ █▀▄▀█ █▀▀ █▀█                        │
│                         █▀  █▀█ ▄▄█  █  █ ▀ █ █▄▄ █▀▀                        │
│                                                                              │
│                                                                              │
│                                                                              │
│                                FastMCP 3.4.7                                 │
│                            https://gofastmcp.com                             │
│                                                                              │
│                  🖥  Server:      Alpaca MCP Server, 3.4.7                    │
│                  🚀 Deploy free: https://horizon.prefect.io                  │
│                                                                              │
╰──────────────────────────────────────────────────────────────────────────────╯


[08/27/26 14:56:32] INFO     Starting MCP server 'Alpaca MCP    transport.py:241
                             Server' with transport 'stdio'                     


╭──────────────────────────────────────────────────────────────────────────────╮
│                                                                              │
│                                                                              │
│                         ▄▀▀ ▄▀█ █▀▀ ▀█▀ █▀▄▀█ █▀▀ █▀█                        │
│                         █▀  █▀█ ▄▄█  █  █ ▀ █ █▄▄ █▀▀                        │
│                                                                              │
│                                                                              │
│                                                                              │
│                                FastMCP 3.4.7                                 │
│                            https://gofastmcp.com                             │
│                                                                              │
│                  🖥  Server:      Alpaca MCP Server, 3.4.7                    │
│                  🚀 Deploy free: https://horizon.prefect.io                  │
│                                                                              │
╰──────────────────────────────────────────────────────────────────────────────╯


[08/27/26 14:56:52] INFO     Starting MCP server 'Alpaca MCP    transport.py:241
                             Server' with transport 'stdio'                     


╭──────────────────────────────────────────────────────────────────────────────╮
│                                                                              │
│                                                                              │
│                         ▄▀▀ ▄▀█ █▀▀ ▀█▀ █▀▄▀█ █▀▀ █▀█                        │
│                         █▀  █▀█ ▄▄█  █  █ ▀ █ █▄▄ █▀▀                        │
│                                                                              │
│                                                                              │
│                                                                              │
│                                FastMCP 3.4.7                                 │
│                            https://gofastmcp.com                             │
│                                                                              │
│                  🖥  Server:      Alpaca MCP Server, 3.4.7                    │
│                  🚀 Deploy free: https://horizon.prefect.io                  │
│                                                                              │
╰──────────────────────────────────────────────────────────────────────────────╯


[08/27/26 14:57:12] INFO     Starting MCP server 'Alpaca MCP    transport.py:241
                             Server' with transport 'stdio'                     


╭──────────────────────────────────────────────────────────────────────────────╮
│                                                                              │
│                                                                              │
│                         ▄▀▀ ▄▀█ █▀▀ ▀█▀ █▀▄▀█ █▀▀ █▀█                        │
│                         █▀  █▀█ ▄▄█  █  █ ▀ █ █▄▄ █▀▀                        │
│                                                                              │
│                                                                              │
│                                                                              │
│                                FastMCP 3.4.7                                 │
│                            https://gofastmcp.com                             │
│                                                                              │
│                  🖥  Server:      Alpaca MCP Server, 3.4.7                    │
│                  🚀 Deploy free: https://horizon.prefect.io                  │
│                                                                              │
╰──────────────────────────────────────────────────────────────────────────────╯


[08/27/26 14:57:32] INFO     Starting MCP server 'Alpaca MCP    transport.py:241
                             Server' with transport 'stdio'                     


╭──────────────────────────────────────────────────────────────────────────────╮
│                                                                              │
│                                                                              │
│                         ▄▀▀ ▄▀█ █▀▀ ▀█▀ █▀▄▀█ █▀▀ █▀█                        │
│                         █▀  █▀█ ▄▄█  █  █ ▀ █ █▄▄ █▀▀                        │
│                                                                              │
│                                                                              │
│                                                                              │
│                                FastMCP 3.4.7                                 │
│                            https://gofastmcp.com                             │
│                                                                              │
│                  🖥  Server:      Alpaca MCP Server, 3.4.7                    │
│                  🚀 Deploy free: https://horizon.prefect.io                  │
│                                                                              │
╰──────────────────────────────────────────────────────────────────────────────╯


[08/27/26 14:57:52] INFO     Starting MCP server 'Alpaca MCP    transport.py:241
                             Server' with transport 'stdio'                     


╭──────────────────────────────────────────────────────────────────────────────╮
│                                                                              │
│                                                                              │
│                         ▄▀▀ ▄▀█ █▀▀ ▀█▀ █▀▄▀█ █▀▀ █▀█                        │
│                         █▀  █▀█ ▄▄█  █  █ ▀ █ █▄▄ █▀▀                        │
│                                                                              │
│                                                                              │
│                                                                              │
│                                FastMCP 3.4.7                                 │
│                            https://gofastmcp.com                             │
│                                                                              │
│                  🖥  Server:      Alpaca MCP Server, 3.4.7                    │
│                  🚀 Deploy free: https://horizon.prefect.io                  │
│                                                                              │
╰──────────────────────────────────────────────────────────────────────────────╯


[08/27/26 14:58:12] INFO     Starting MCP server 'Alpaca MCP    transport.py:241
                             Server' with transport 'stdio'                     


╭──────────────────────────────────────────────────────────────────────────────╮
│                                                                              │
│                                                                              │
│                         ▄▀▀ ▄▀█ █▀▀ ▀█▀ █▀▄▀█ █▀▀ █▀█                        │
│                         █▀  █▀█ ▄▄█  █  █ ▀ █ █▄▄ █▀▀                        │
│                                                                              │
│                                                                              │
│                                                                              │
│                                FastMCP 3.4.7                                 │
│                            https://gofastmcp.com                             │
│                                                                              │
│                  🖥  Server:      Alpaca MCP Server, 3.4.7                    │
│                  🚀 Deploy free: https://horizon.prefect.io                  │
│                                                                              │
╰──────────────────────────────────────────────────────────────────────────────╯


[08/27/26 14:58:32] INFO     Starting MCP server 'Alpaca MCP    transport.py:241
                             Server' with transport 'stdio'                     


╭──────────────────────────────────────────────────────────────────────────────╮
│                                                                              │
│                                                                              │
│                         ▄▀▀ ▄▀█ █▀▀ ▀█▀ █▀▄▀█ █▀▀ █▀█                        │
│                         █▀  █▀█ ▄▄█  █  █ ▀ █ █▄▄ █▀▀                        │
│                                                                              │
│                                                                              │
│                                                                              │
│                                FastMCP 3.4.7                                 │
│                            https://gofastmcp.com                             │
│                                                                              │
│                  🖥  Server:      Alpaca MCP Server, 3.4.7                    │
│                  🚀 Deploy free: https://horizon.prefect.io                  │
│                                                                              │
╰──────────────────────────────────────────────────────────────────────────────╯


[08/27/26 14:58:52] INFO     Starting MCP server 'Alpaca MCP    transport.py:241
                             Server' with transport 'stdio'                     


╭──────────────────────────────────────────────────────────────────────────────╮
│                                                                              │
│                                                                              │
│                         ▄▀▀ ▄▀█ █▀▀ ▀█▀ █▀▄▀█ █▀▀ █▀█                        │
│                         █▀  █▀█ ▄▄█  █  █ ▀ █ █▄▄ █▀▀                        │
│                                                                              │
│                                                                              │
│                                                                              │
│                                FastMCP 3.4.7                                 │
│                            https://gofastmcp.com                             │
│                                                                              │
│                  🖥  Server:      Alpaca MCP Server, 3.4.7                    │
│                  🚀 Deploy free: https://horizon.prefect.io                  │
│                                                                              │
╰──────────────────────────────────────────────────────────────────────────────╯


[08/27/26 14:59:12] INFO     Starting MCP server 'Alpaca MCP    transport.py:241
                             Server' with transport 'stdio'                     


╭──────────────────────────────────────────────────────────────────────────────╮
│                                                                              │
│                                                                              │
│                         ▄▀▀ ▄▀█ █▀▀ ▀█▀ █▀▄▀█ █▀▀ █▀█                        │
│                         █▀  █▀█ ▄▄█  █  █ ▀ █ █▄▄ █▀▀                        │
│                                                                              │
│                                                                              │
│                                                                              │
│                                FastMCP 3.4.7                                 │
│                            https://gofastmcp.com                             │
│                                                                              │
│                  🖥  Server:      Alpaca MCP Server, 3.4.7                    │
│                  🚀 Deploy free: https://horizon.prefect.io                  │
│                                                                              │
╰──────────────────────────────────────────────────────────────────────────────╯


[08/27/26 14:59:32] INFO     Starting MCP server 'Alpaca MCP    transport.py:241
                             Server' with transport 'stdio'                     


╭──────────────────────────────────────────────────────────────────────────────╮
│                                                                              │
│                                                                              │
│                         ▄▀▀ ▄▀█ █▀▀ ▀█▀ █▀▄▀█ █▀▀ █▀█                        │
│                         █▀  █▀█ ▄▄█  █  █ ▀ █ █▄▄ █▀▀                        │
│                                                                              │
│                                                                              │
│                                                                              │
│                                FastMCP 3.4.7                                 │
│                            https://gofastmcp.com                             │
│                                                                              │
│                  🖥  Server:      Alpaca MCP Server, 3.4.7                    │
│                  🚀 Deploy free: https://horizon.prefect.io                  │
│                                                                              │
╰──────────────────────────────────────────────────────────────────────────────╯


[08/27/26 14:59:52] INFO     Starting MCP server 'Alpaca MCP    transport.py:241
                             Server' with transport 'stdio'                     


╭──────────────────────────────────────────────────────────────────────────────╮
│                                                                              │
│                                                                              │
│                         ▄▀▀ ▄▀█ █▀▀ ▀█▀ █▀▄▀█ █▀▀ █▀█                        │
│                         █▀  █▀█ ▄▄█  █  █ ▀ █ █▄▄ █▀▀                        │
│                                                                              │
│                                                                              │
│                                                                              │
│                                FastMCP 3.4.7                                 │
│                            https://gofastmcp.com                             │
│                                                                              │
│                  🖥  Server:      Alpaca MCP Server, 3.4.7                    │
│                  🚀 Deploy free: https://horizon.prefect.io                  │
│                                                                              │
╰──────────────────────────────────────────────────────────────────────────────╯


[08/27/26 15:00:12] INFO     Starting MCP server 'Alpaca MCP    transport.py:241
                             Server' with transport 'stdio'                     


╭──────────────────────────────────────────────────────────────────────────────╮
│                                                                              │
│                                                                              │
│                         ▄▀▀ ▄▀█ █▀▀ ▀█▀ █▀▄▀█ █▀▀ █▀█                        │
│                         █▀  █▀█ ▄▄█  █  █ ▀ █ █▄▄ █▀▀                        │
│                                                                              │
│                                                                              │
│                                                                              │
│                                FastMCP 3.4.7                                 │
│                            https://gofastmcp.com                             │
│                                                                              │
│                  🖥  Server:      Alpaca MCP Server, 3.4.7                    │
│                  🚀 Deploy free: https://horizon.prefect.io                  │
│                                                                              │
╰──────────────────────────────────────────────────────────────────────────────╯


[08/27/26 15:00:32] INFO     Starting MCP server 'Alpaca MCP    transport.py:241
                             Server' with transport 'stdio'                     


╭──────────────────────────────────────────────────────────────────────────────╮
│                                                                              │
│                                                                              │
│                         ▄▀▀ ▄▀█ █▀▀ ▀█▀ █▀▄▀█ █▀▀ █▀█                        │
│                         █▀  █▀█ ▄▄█  █  █ ▀ █ █▄▄ █▀▀                        │
│                                                                              │
│                                                                              │
│                                                                              │
│                                FastMCP 3.4.7                                 │
│                            https://gofastmcp.com                             │
│                                                                              │
│                  🖥  Server:      Alpaca MCP Server, 3.4.7                    │
│                  🚀 Deploy free: https://horizon.prefect.io                  │
│                                                                              │
╰──────────────────────────────────────────────────────────────────────────────╯


[08/27/26 15:00:52] INFO     Starting MCP server 'Alpaca MCP    transport.py:241
                             Server' with transport 'stdio'                     


╭──────────────────────────────────────────────────────────────────────────────╮
│                                                                              │
│                                                                              │
│                         ▄▀▀ ▄▀█ █▀▀ ▀█▀ █▀▄▀█ █▀▀ █▀█                        │
│                         █▀  █▀█ ▄▄█  █  █ ▀ █ █▄▄ █▀▀                        │
│                                                                              │
│                                                                              │
│                                                                              │
│                                FastMCP 3.4.7                                 │
│                            https://gofastmcp.com                             │
│                                                                              │
│                  🖥  Server:      Alpaca MCP Server, 3.4.7                    │
│                  🚀 Deploy free: https://horizon.prefect.io                  │
│                                                                              │
╰──────────────────────────────────────────────────────────────────────────────╯


[08/27/26 15:01:12] INFO     Starting MCP server 'Alpaca MCP    transport.py:241
                             Server' with transport 'stdio'                     


╭──────────────────────────────────────────────────────────────────────────────╮
│                                                                              │
│                                                                              │
│                         ▄▀▀ ▄▀█ █▀▀ ▀█▀ █▀▄▀█ █▀▀ █▀█                        │
│                         █▀  █▀█ ▄▄█  █  █ ▀ █ █▄▄ █▀▀                        │
│                                                                              │
│                                                                              │
│                                                                              │
│                                FastMCP 3.4.7                                 │
│                            https://gofastmcp.com                             │
│                                                                              │
│                  🖥  Server:      Alpaca MCP Server, 3.4.7                    │
│                  🚀 Deploy free: https://horizon.prefect.io                  │
│                                                                              │
╰──────────────────────────────────────────────────────────────────────────────╯


[08/27/26 15:01:32] INFO     Starting MCP server 'Alpaca MCP    transport.py:241
                             Server' with transport 'stdio'                     


╭──────────────────────────────────────────────────────────────────────────────╮
│                                                                              │
│                                                                              │
│                         ▄▀▀ ▄▀█ █▀▀ ▀█▀ █▀▄▀█ █▀▀ █▀█                        │
│                         █▀  █▀█ ▄▄█  █  █ ▀ █ █▄▄ █▀▀                        │
│                                                                              │
│                                                                              │
│                                                                              │
│                                FastMCP 3.4.7                                 │
│                            https://gofastmcp.com                             │
│                                                                              │
│                  🖥  Server:      Alpaca MCP Server, 3.4.7                    │
│                  🚀 Deploy free: https://horizon.prefect.io                  │
│                                                                              │
╰──────────────────────────────────────────────────────────────────────────────╯


[08/27/26 15:01:52] INFO     Starting MCP server 'Alpaca MCP    transport.py:241
                             Server' with transport 'stdio'                     


╭──────────────────────────────────────────────────────────────────────────────╮
│                                                                              │
│                                                                              │
│                         ▄▀▀ ▄▀█ █▀▀ ▀█▀ █▀▄▀█ █▀▀ █▀█                        │
│                         █▀  █▀█ ▄▄█  █  █ ▀ █ █▄▄ █▀▀                        │
│                                                                              │
│                                                                              │
│                                                                              │
│                                FastMCP 3.4.7                                 │
│                            https://gofastmcp.com                             │
│                                                                              │
│                  🖥  Server:      Alpaca MCP Server, 3.4.7                    │
│                  🚀 Deploy free: https://horizon.prefect.io                  │
│                                                                              │
╰──────────────────────────────────────────────────────────────────────────────╯


[08/27/26 15:02:12] INFO     Starting MCP server 'Alpaca MCP    transport.py:241
                             Server' with transport 'stdio'                     


╭──────────────────────────────────────────────────────────────────────────────╮
│                                                                              │
│                                                                              │
│                         ▄▀▀ ▄▀█ █▀▀ ▀█▀ █▀▄▀█ █▀▀ █▀█                        │
│                         █▀  █▀█ ▄▄█  █  █ ▀ █ █▄▄ █▀▀                        │
│                                                                              │
│                                                                              │
│                                                                              │
│                                FastMCP 3.4.7                                 │
│                            https://gofastmcp.com                             │
│                                                                              │
│                  🖥  Server:      Alpaca MCP Server, 3.4.7                    │
│                  🚀 Deploy free: https://horizon.prefect.io                  │
│                                                                              │
╰──────────────────────────────────────────────────────────────────────────────╯


[08/27/26 15:02:32] INFO     Starting MCP server 'Alpaca MCP    transport.py:241
                             Server' with transport 'stdio'                     


╭──────────────────────────────────────────────────────────────────────────────╮
│                                                                              │
│                                                                              │
│                         ▄▀▀ ▄▀█ █▀▀ ▀█▀ █▀▄▀█ █▀▀ █▀█                        │
│                         █▀  █▀█ ▄▄█  █  █ ▀ █ █▄▄ █▀▀                        │
│                                                                              │
│                                                                              │
│                                                                              │
│                                FastMCP 3.4.7                                 │
│                            https://gofastmcp.com                             │
│                                                                              │
│                  🖥  Server:      Alpaca MCP Server, 3.4.7                    │
│                  🚀 Deploy free: https://horizon.prefect.io                  │
│                                                                              │
╰──────────────────────────────────────────────────────────────────────────────╯


[08/27/26 15:02:52] INFO     Starting MCP server 'Alpaca MCP    transport.py:241
                             Server' with transport 'stdio'                     


╭──────────────────────────────────────────────────────────────────────────────╮
│                                                                              │
│                                                                              │
│                         ▄▀▀ ▄▀█ █▀▀ ▀█▀ █▀▄▀█ █▀▀ █▀█                        │
│                         █▀  █▀█ ▄▄█  █  █ ▀ █ █▄▄ █▀▀                        │
│                                                                              │
│                                                                              │
│                                                                              │
│                                FastMCP 3.4.7                                 │
│                            https://gofastmcp.com                             │
│                                                                              │
│                  🖥  Server:      Alpaca MCP Server, 3.4.7                    │
│                  🚀 Deploy free: https://horizon.prefect.io                  │
│                                                                              │
╰──────────────────────────────────────────────────────────────────────────────╯


[08/27/26 15:03:12] INFO     Starting MCP server 'Alpaca MCP    transport.py:241
                             Server' with transport 'stdio'                     


╭──────────────────────────────────────────────────────────────────────────────╮
│                                                                              │
│                                                                              │
│                         ▄▀▀ ▄▀█ █▀▀ ▀█▀ █▀▄▀█ █▀▀ █▀█                        │
│                         █▀  █▀█ ▄▄█  █  █ ▀ █ █▄▄ █▀▀                        │
│                                                                              │
│                                                                              │
│                                                                              │
│                                FastMCP 3.4.7                                 │
│                            https://gofastmcp.com                             │
│                                                                              │
│                  🖥  Server:      Alpaca MCP Server, 3.4.7                    │
│                  🚀 Deploy free: https://horizon.prefect.io                  │
│                                                                              │
╰──────────────────────────────────────────────────────────────────────────────╯


[08/27/26 15:03:32] INFO     Starting MCP server 'Alpaca MCP    transport.py:241
                             Server' with transport 'stdio'                     


╭──────────────────────────────────────────────────────────────────────────────╮
│                                                                              │
│                                                                              │
│                         ▄▀▀ ▄▀█ █▀▀ ▀█▀ █▀▄▀█ █▀▀ █▀█                        │
│                         █▀  █▀█ ▄▄█  █  █ ▀ █ █▄▄ █▀▀                        │
│                                                                              │
│                                                                              │
│                                                                              │
│                                FastMCP 3.4.7                                 │
│                            https://gofastmcp.com                             │
│                                                                              │
│                  🖥  Server:      Alpaca MCP Server, 3.4.7                    │
│                  🚀 Deploy free: https://horizon.prefect.io                  │
│                                                                              │
╰──────────────────────────────────────────────────────────────────────────────╯


[08/27/26 15:03:52] INFO     Starting MCP server 'Alpaca MCP    transport.py:241
                             Server' with transport 'stdio'                     


╭──────────────────────────────────────────────────────────────────────────────╮
│                                                                              │
│                                                                              │
│                         ▄▀▀ ▄▀█ █▀▀ ▀█▀ █▀▄▀█ █▀▀ █▀█                        │
│                         █▀  █▀█ ▄▄█  █  █ ▀ █ █▄▄ █▀▀                        │
│                                                                              │
│                                                                              │
│                                                                              │
│                                FastMCP 3.4.7                                 │
│                            https://gofastmcp.com                             │
│                                                                              │
│                  🖥  Server:      Alpaca MCP Server, 3.4.7                    │
│                  🚀 Deploy free: https://horizon.prefect.io                  │
│                                                                              │
╰──────────────────────────────────────────────────────────────────────────────╯


[08/27/26 15:04:12] INFO     Starting MCP server 'Alpaca MCP    transport.py:241
                             Server' with transport 'stdio'                     


╭──────────────────────────────────────────────────────────────────────────────╮
│                                                                              │
│                                                                              │
│                         ▄▀▀ ▄▀█ █▀▀ ▀█▀ █▀▄▀█ █▀▀ █▀█                        │
│                         █▀  █▀█ ▄▄█  █  █ ▀ █ █▄▄ █▀▀                        │
│                                                                              │
│                                                                              │
│                                                                              │
│                                FastMCP 3.4.7                                 │
│                            https://gofastmcp.com                             │
│                                                                              │
│                  🖥  Server:      Alpaca MCP Server, 3.4.7                    │
│                  🚀 Deploy free: https://horizon.prefect.io                  │
│                                                                              │
╰──────────────────────────────────────────────────────────────────────────────╯


[08/27/26 15:04:32] INFO     Starting MCP server 'Alpaca MCP    transport.py:241
                             Server' with transport 'stdio'                     


╭──────────────────────────────────────────────────────────────────────────────╮
│                                                                              │
│                                                                              │
│                         ▄▀▀ ▄▀█ █▀▀ ▀█▀ █▀▄▀█ █▀▀ █▀█                        │
│                         █▀  █▀█ ▄▄█  █  █ ▀ █ █▄▄ █▀▀                        │
│                                                                              │
│                                                                              │
│                                                                              │
│                                FastMCP 3.4.7                                 │
│                            https://gofastmcp.com                             │
│                                                                              │
│                  🖥  Server:      Alpaca MCP Server, 3.4.7                    │
│                  🚀 Deploy free: https://horizon.prefect.io                  │
│                                                                              │
╰──────────────────────────────────────────────────────────────────────────────╯


[08/27/26 15:04:52] INFO     Starting MCP server 'Alpaca MCP    transport.py:241
                             Server' with transport 'stdio'                     


╭──────────────────────────────────────────────────────────────────────────────╮
│                                                                              │
│                                                                              │
│                         ▄▀▀ ▄▀█ █▀▀ ▀█▀ █▀▄▀█ █▀▀ █▀█                        │
│                         █▀  █▀█ ▄▄█  █  █ ▀ █ █▄▄ █▀▀                        │
│                                                                              │
│                                                                              │
│                                                                              │
│                                FastMCP 3.4.7                                 │
│                            https://gofastmcp.com                             │
│                                                                              │
│                  🖥  Server:      Alpaca MCP Server, 3.4.7                    │
│                  🚀 Deploy free: https://horizon.prefect.io                  │
│                                                                              │
╰──────────────────────────────────────────────────────────────────────────────╯


[08/27/26 15:05:12] INFO     Starting MCP server 'Alpaca MCP    transport.py:241
                             Server' with transport 'stdio'                     


╭──────────────────────────────────────────────────────────────────────────────╮
│                                                                              │
│                                                                              │
│                         ▄▀▀ ▄▀█ █▀▀ ▀█▀ █▀▄▀█ █▀▀ █▀█                        │
│                         █▀  █▀█ ▄▄█  █  █ ▀ █ █▄▄ █▀▀                        │
│                                                                              │
│                                                                              │
│                                                                              │
│                                FastMCP 3.4.7                                 │
│                            https://gofastmcp.com                             │
│                                                                              │
│                  🖥  Server:      Alpaca MCP Server, 3.4.7                    │
│                  🚀 Deploy free: https://horizon.prefect.io                  │
│                                                                              │
╰──────────────────────────────────────────────────────────────────────────────╯


[08/27/26 15:05:32] INFO     Starting MCP server 'Alpaca MCP    transport.py:241
                             Server' with transport 'stdio'                     


╭──────────────────────────────────────────────────────────────────────────────╮
│                                                                              │
│                                                                              │
│                         ▄▀▀ ▄▀█ █▀▀ ▀█▀ █▀▄▀█ █▀▀ █▀█                        │
│                         █▀  █▀█ ▄▄█  █  █ ▀ █ █▄▄ █▀▀                        │
│                                                                              │
│                                                                              │
│                                                                              │
│                                FastMCP 3.4.7                                 │
│                            https://gofastmcp.com                             │
│                                                                              │
│                  🖥  Server:      Alpaca MCP Server, 3.4.7                    │
│                  🚀 Deploy free: https://horizon.prefect.io                  │
│                                                                              │
╰──────────────────────────────────────────────────────────────────────────────╯


[08/27/26 15:05:52] INFO     Starting MCP server 'Alpaca MCP    transport.py:241
                             Server' with transport 'stdio'                     


╭──────────────────────────────────────────────────────────────────────────────╮
│                                                                              │
│                                                                              │
│                         ▄▀▀ ▄▀█ █▀▀ ▀█▀ █▀▄▀█ █▀▀ █▀█                        │
│                         █▀  █▀█ ▄▄█  █  █ ▀ █ █▄▄ █▀▀                        │
│                                                                              │
│                                                                              │
│                                                                              │
│                                FastMCP 3.4.7                                 │
│                            https://gofastmcp.com                             │
│                                                                              │
│                  🖥  Server:      Alpaca MCP Server, 3.4.7                    │
│                  🚀 Deploy free: https://horizon.prefect.io                  │
│                                                                              │
╰──────────────────────────────────────────────────────────────────────────────╯


[08/27/26 15:06:12] INFO     Starting MCP server 'Alpaca MCP    transport.py:241
                             Server' with transport 'stdio'                     


╭──────────────────────────────────────────────────────────────────────────────╮
│                                                                              │
│                                                                              │
│                         ▄▀▀ ▄▀█ █▀▀ ▀█▀ █▀▄▀█ █▀▀ █▀█                        │
│                         █▀  █▀█ ▄▄█  █  █ ▀ █ █▄▄ █▀▀                        │
│                                                                              │
│                                                                              │
│                                                                              │
│                                FastMCP 3.4.7                                 │
│                            https://gofastmcp.com                             │
│                                                                              │
│                  🖥  Server:      Alpaca MCP Server, 3.4.7                    │
│                  🚀 Deploy free: https://horizon.prefect.io                  │
│                                                                              │
╰──────────────────────────────────────────────────────────────────────────────╯


[08/27/26 15:06:32] INFO     Starting MCP server 'Alpaca MCP    transport.py:241
                             Server' with transport 'stdio'                     


╭──────────────────────────────────────────────────────────────────────────────╮
│                                                                              │
│                                                                              │
│                         ▄▀▀ ▄▀█ █▀▀ ▀█▀ █▀▄▀█ █▀▀ █▀█                        │
│                         █▀  █▀█ ▄▄█  █  █ ▀ █ █▄▄ █▀▀                        │
│                                                                              │
│                                                                              │
│                                                                              │
│                                FastMCP 3.4.7                                 │
│                            https://gofastmcp.com                             │
│                                                                              │
│                  🖥  Server:      Alpaca MCP Server, 3.4.7                    │
│                  🚀 Deploy free: https://horizon.prefect.io                  │
│                                                                              │
╰──────────────────────────────────────────────────────────────────────────────╯


[08/27/26 15:06:52] INFO     Starting MCP server 'Alpaca MCP    transport.py:241
                             Server' with transport 'stdio'                     


╭──────────────────────────────────────────────────────────────────────────────╮
│                                                                              │
│                                                                              │
│                         ▄▀▀ ▄▀█ █▀▀ ▀█▀ █▀▄▀█ █▀▀ █▀█                        │
│                         █▀  █▀█ ▄▄█  █  █ ▀ █ █▄▄ █▀▀                        │
│                                                                              │
│                                                                              │
│                                                                              │
│                                FastMCP 3.4.7                                 │
│                            https://gofastmcp.com                             │
│                                                                              │
│                  🖥  Server:      Alpaca MCP Server, 3.4.7                    │
│                  🚀 Deploy free: https://horizon.prefect.io                  │
│                                                                              │
╰──────────────────────────────────────────────────────────────────────────────╯


[08/27/26 15:07:12] INFO     Starting MCP server 'Alpaca MCP    transport.py:241
                             Server' with transport 'stdio'                     


╭──────────────────────────────────────────────────────────────────────────────╮
│                                                                              │
│                                                                              │
│                         ▄▀▀ ▄▀█ █▀▀ ▀█▀ █▀▄▀█ █▀▀ █▀█                        │
│                         █▀  █▀█ ▄▄█  █  █ ▀ █ █▄▄ █▀▀                        │
│                                                                              │
│                                                                              │
│                                                                              │
│                                FastMCP 3.4.7                                 │
│                            https://gofastmcp.com                             │
│                                                                              │
│                  🖥  Server:      Alpaca MCP Server, 3.4.7                    │
│                  🚀 Deploy free: https://horizon.prefect.io                  │
│                                                                              │
╰──────────────────────────────────────────────────────────────────────────────╯


[08/27/26 15:07:32] INFO     Starting MCP server 'Alpaca MCP    transport.py:241
                             Server' with transport 'stdio'                     


╭──────────────────────────────────────────────────────────────────────────────╮
│                                                                              │
│                                                                              │
│                         ▄▀▀ ▄▀█ █▀▀ ▀█▀ █▀▄▀█ █▀▀ █▀█                        │
│                         █▀  █▀█ ▄▄█  █  █ ▀ █ █▄▄ █▀▀                        │
│                                                                              │
│                                                                              │
│                                                                              │
│                                FastMCP 3.4.7                                 │
│                            https://gofastmcp.com                             │
│                                                                              │
│                  🖥  Server:      Alpaca MCP Server, 3.4.7                    │
│                  🚀 Deploy free: https://horizon.prefect.io                  │
│                                                                              │
╰──────────────────────────────────────────────────────────────────────────────╯


[08/27/26 15:07:52] INFO     Starting MCP server 'Alpaca MCP    transport.py:241
                             Server' with transport 'stdio'                     


╭──────────────────────────────────────────────────────────────────────────────╮
│                                                                              │
│                                                                              │
│                         ▄▀▀ ▄▀█ █▀▀ ▀█▀ █▀▄▀█ █▀▀ █▀█                        │
│                         █▀  █▀█ ▄▄█  █  █ ▀ █ █▄▄ █▀▀                        │
│                                                                              │
│                                                                              │
│                                                                              │
│                                FastMCP 3.4.7                                 │
│                            https://gofastmcp.com                             │
│                                                                              │
│                  🖥  Server:      Alpaca MCP Server, 3.4.7                    │
│                  🚀 Deploy free: https://horizon.prefect.io                  │
│                                                                              │
╰──────────────────────────────────────────────────────────────────────────────╯


[08/27/26 15:08:12] INFO     Starting MCP server 'Alpaca MCP    transport.py:241
                             Server' with transport 'stdio'                     


╭──────────────────────────────────────────────────────────────────────────────╮
│                                                                              │
│                                                                              │
│                         ▄▀▀ ▄▀█ █▀▀ ▀█▀ █▀▄▀█ █▀▀ █▀█                        │
│                         █▀  █▀█ ▄▄█  █  █ ▀ █ █▄▄ █▀▀                        │
│                                                                              │
│                                                                              │
│                                                                              │
│                                FastMCP 3.4.7                                 │
│                            https://gofastmcp.com                             │
│                                                                              │
│                  🖥  Server:      Alpaca MCP Server, 3.4.7                    │
│                  🚀 Deploy free: https://horizon.prefect.io                  │
│                                                                              │
╰──────────────────────────────────────────────────────────────────────────────╯


[08/27/26 15:08:32] INFO     Starting MCP server 'Alpaca MCP    transport.py:241
                             Server' with transport 'stdio'                     


╭──────────────────────────────────────────────────────────────────────────────╮
│                                                                              │
│                                                                              │
│                         ▄▀▀ ▄▀█ █▀▀ ▀█▀ █▀▄▀█ █▀▀ █▀█                        │
│                         █▀  █▀█ ▄▄█  █  █ ▀ █ █▄▄ █▀▀                        │
│                                                                              │
│                                                                              │
│                                                                              │
│                                FastMCP 3.4.7                                 │
│                            https://gofastmcp.com                             │
│                                                                              │
│                  🖥  Server:      Alpaca MCP Server, 3.4.7                    │
│                  🚀 Deploy free: https://horizon.prefect.io                  │
│                                                                              │
╰──────────────────────────────────────────────────────────────────────────────╯


[08/27/26 15:08:52] INFO     Starting MCP server 'Alpaca MCP    transport.py:241
                             Server' with transport 'stdio'                     


╭──────────────────────────────────────────────────────────────────────────────╮
│                                                                              │
│                                                                              │
│                         ▄▀▀ ▄▀█ █▀▀ ▀█▀ █▀▄▀█ █▀▀ █▀█                        │
│                         █▀  █▀█ ▄▄█  █  █ ▀ █ █▄▄ █▀▀                        │
│                                                                              │
│                                                                              │
│                                                                              │
│                                FastMCP 3.4.7                                 │
│                            https://gofastmcp.com                             │
│                                                                              │
│                  🖥  Server:      Alpaca MCP Server, 3.4.7                    │
│                  🚀 Deploy free: https://horizon.prefect.io                  │
│                                                                              │
╰──────────────────────────────────────────────────────────────────────────────╯


[08/27/26 15:09:12] INFO     Starting MCP server 'Alpaca MCP    transport.py:241
                             Server' with transport 'stdio'                     


╭──────────────────────────────────────────────────────────────────────────────╮
│                                                                              │
│                                                                              │
│                         ▄▀▀ ▄▀█ █▀▀ ▀█▀ █▀▄▀█ █▀▀ █▀█                        │
│                         █▀  █▀█ ▄▄█  █  █ ▀ █ █▄▄ █▀▀                        │
│                                                                              │
│                                                                              │
│                                                                              │
│                                FastMCP 3.4.7                                 │
│                            https://gofastmcp.com                             │
│                                                                              │
│                  🖥  Server:      Alpaca MCP Server, 3.4.7                    │
│                  🚀 Deploy free: https://horizon.prefect.io                  │
│                                                                              │
╰──────────────────────────────────────────────────────────────────────────────╯


[08/27/26 15:09:32] INFO     Starting MCP server 'Alpaca MCP    transport.py:241
                             Server' with transport 'stdio'                     


╭──────────────────────────────────────────────────────────────────────────────╮
│                                                                              │
│                                                                              │
│                         ▄▀▀ ▄▀█ █▀▀ ▀█▀ █▀▄▀█ █▀▀ █▀█                        │
│                         █▀  █▀█ ▄▄█  █  █ ▀ █ █▄▄ █▀▀                        │
│                                                                              │
│                                                                              │
│                                                                              │
│                                FastMCP 3.4.7                                 │
│                            https://gofastmcp.com                             │
│                                                                              │
│                  🖥  Server:      Alpaca MCP Server, 3.4.7                    │
│                  🚀 Deploy free: https://horizon.prefect.io                  │
│                                                                              │
╰──────────────────────────────────────────────────────────────────────────────╯


[08/27/26 15:09:52] INFO     Starting MCP server 'Alpaca MCP    transport.py:241
                             Server' with transport 'stdio'                     


╭──────────────────────────────────────────────────────────────────────────────╮
│                                                                              │
│                                                                              │
│                         ▄▀▀ ▄▀█ █▀▀ ▀█▀ █▀▄▀█ █▀▀ █▀█                        │
│                         █▀  █▀█ ▄▄█  █  █ ▀ █ █▄▄ █▀▀                        │
│                                                                              │
│                                                                              │
│                                                                              │
│                                FastMCP 3.4.7                                 │
│                            https://gofastmcp.com                             │
│                                                                              │
│                  🖥  Server:      Alpaca MCP Server, 3.4.7                    │
│                  🚀 Deploy free: https://horizon.prefect.io                  │
│                                                                              │
╰──────────────────────────────────────────────────────────────────────────────╯


[08/27/26 15:10:12] INFO     Starting MCP server 'Alpaca MCP    transport.py:241
                             Server' with transport 'stdio'                     


╭──────────────────────────────────────────────────────────────────────────────╮
│                                                                              │
│                                                                              │
│                         ▄▀▀ ▄▀█ █▀▀ ▀█▀ █▀▄▀█ █▀▀ █▀█                        │
│                         █▀  █▀█ ▄▄█  █  █ ▀ █ █▄▄ █▀▀                        │
│                                                                              │
│                                                                              │
│                                                                              │
│                                FastMCP 3.4.7                                 │
│                            https://gofastmcp.com                             │
│                                                                              │
│                  🖥  Server:      Alpaca MCP Server, 3.4.7                    │
│                  🚀 Deploy free: https://horizon.prefect.io                  │
│                                                                              │
╰──────────────────────────────────────────────────────────────────────────────╯


[08/27/26 15:10:32] INFO     Starting MCP server 'Alpaca MCP    transport.py:241
                             Server' with transport 'stdio'                     


╭──────────────────────────────────────────────────────────────────────────────╮
│                                                                              │
│                                                                              │
│                         ▄▀▀ ▄▀█ █▀▀ ▀█▀ █▀▄▀█ █▀▀ █▀█                        │
│                         █▀  █▀█ ▄▄█  █  █ ▀ █ █▄▄ █▀▀                        │
│                                                                              │
│                                                                              │
│                                                                              │
│                                FastMCP 3.4.7                                 │
│                            https://gofastmcp.com                             │
│                                                                              │
│                  🖥  Server:      Alpaca MCP Server, 3.4.7                    │
│                  🚀 Deploy free: https://horizon.prefect.io                  │
│                                                                              │
╰──────────────────────────────────────────────────────────────────────────────╯


[08/27/26 15:10:52] INFO     Starting MCP server 'Alpaca MCP    transport.py:241
                             Server' with transport 'stdio'                     


╭──────────────────────────────────────────────────────────────────────────────╮
│                                                                              │
│                                                                              │
│                         ▄▀▀ ▄▀█ █▀▀ ▀█▀ █▀▄▀█ █▀▀ █▀█                        │
│                         █▀  █▀█ ▄▄█  █  █ ▀ █ █▄▄ █▀▀                        │
│                                                                              │
│                                                                              │
│                                                                              │
│                                FastMCP 3.4.7                                 │
│                            https://gofastmcp.com                             │
│                                                                              │
│                  🖥  Server:      Alpaca MCP Server, 3.4.7                    │
│                  🚀 Deploy free: https://horizon.prefect.io                  │
│                                                                              │
╰──────────────────────────────────────────────────────────────────────────────╯


[08/27/26 15:11:12] INFO     Starting MCP server 'Alpaca MCP    transport.py:241
                             Server' with transport 'stdio'                     


╭──────────────────────────────────────────────────────────────────────────────╮
│                                                                              │
│                                                                              │
│                         ▄▀▀ ▄▀█ █▀▀ ▀█▀ █▀▄▀█ █▀▀ █▀█                        │
│                         █▀  █▀█ ▄▄█  █  █ ▀ █ █▄▄ █▀▀                        │
│                                                                              │
│                                                                              │
│                                                                              │
│                                FastMCP 3.4.7                                 │
│                            https://gofastmcp.com                             │
│                                                                              │
│                  🖥  Server:      Alpaca MCP Server, 3.4.7                    │
│                  🚀 Deploy free: https://horizon.prefect.io                  │
│                                                                              │
╰──────────────────────────────────────────────────────────────────────────────╯


[08/27/26 15:11:32] INFO     Starting MCP server 'Alpaca MCP    transport.py:241
                             Server' with transport 'stdio'                     


╭──────────────────────────────────────────────────────────────────────────────╮
│                                                                              │
│                                                                              │
│                         ▄▀▀ ▄▀█ █▀▀ ▀█▀ █▀▄▀█ █▀▀ █▀█                        │
│                         █▀  █▀█ ▄▄█  █  █ ▀ █ █▄▄ █▀▀                        │
│                                                                              │
│                                                                              │
│                                                                              │
│                                FastMCP 3.4.7                                 │
│                            https://gofastmcp.com                             │
│                                                                              │
│                  🖥  Server:      Alpaca MCP Server, 3.4.7                    │
│                  🚀 Deploy free: https://horizon.prefect.io                  │
│                                                                              │
╰──────────────────────────────────────────────────────────────────────────────╯


[08/27/26 15:11:52] INFO     Starting MCP server 'Alpaca MCP    transport.py:241
                             Server' with transport 'stdio'                     


╭──────────────────────────────────────────────────────────────────────────────╮
│                                                                              │
│                                                                              │
│                         ▄▀▀ ▄▀█ █▀▀ ▀█▀ █▀▄▀█ █▀▀ █▀█                        │
│                         █▀  █▀█ ▄▄█  █  █ ▀ █ █▄▄ █▀▀                        │
│                                                                              │
│                                                                              │
│                                                                              │
│                                FastMCP 3.4.7                                 │
│                            https://gofastmcp.com                             │
│                                                                              │
│                  🖥  Server:      Alpaca MCP Server, 3.4.7                    │
│                  🚀 Deploy free: https://horizon.prefect.io                  │
│                                                                              │
╰──────────────────────────────────────────────────────────────────────────────╯


[08/27/26 15:12:12] INFO     Starting MCP server 'Alpaca MCP    transport.py:241
                             Server' with transport 'stdio'                     


╭──────────────────────────────────────────────────────────────────────────────╮
│                                                                              │
│                                                                              │
│                         ▄▀▀ ▄▀█ █▀▀ ▀█▀ █▀▄▀█ █▀▀ █▀█                        │
│                         █▀  █▀█ ▄▄█  █  █ ▀ █ █▄▄ █▀▀                        │
│                                                                              │
│                                                                              │
│                                                                              │
│                                FastMCP 3.4.7                                 │
│                            https://gofastmcp.com                             │
│                                                                              │
│                  🖥  Server:      Alpaca MCP Server, 3.4.7                    │
│                  🚀 Deploy free: https://horizon.prefect.io                  │
│                                                                              │
╰──────────────────────────────────────────────────────────────────────────────╯


[08/27/26 15:12:32] INFO     Starting MCP server 'Alpaca MCP    transport.py:241
                             Server' with transport 'stdio'                     


╭──────────────────────────────────────────────────────────────────────────────╮
│                                                                              │
│                                                                              │
│                         ▄▀▀ ▄▀█ █▀▀ ▀█▀ █▀▄▀█ █▀▀ █▀█                        │
│                         █▀  █▀█ ▄▄█  █  █ ▀ █ █▄▄ █▀▀                        │
│                                                                              │
│                                                                              │
│                                                                              │
│                                FastMCP 3.4.7                                 │
│                            https://gofastmcp.com                             │
│                                                                              │
│                  🖥  Server:      Alpaca MCP Server, 3.4.7                    │
│                  🚀 Deploy free: https://horizon.prefect.io                  │
│                                                                              │
╰──────────────────────────────────────────────────────────────────────────────╯


[08/27/26 15:12:52] INFO     Starting MCP server 'Alpaca MCP    transport.py:241
                             Server' with transport 'stdio'                     


╭──────────────────────────────────────────────────────────────────────────────╮
│                                                                              │
│                                                                              │
│                         ▄▀▀ ▄▀█ █▀▀ ▀█▀ █▀▄▀█ █▀▀ █▀█                        │
│                         █▀  █▀█ ▄▄█  █  █ ▀ █ █▄▄ █▀▀                        │
│                                                                              │
│                                                                              │
│                                                                              │
│                                FastMCP 3.4.7                                 │
│                            https://gofastmcp.com                             │
│                                                                              │
│                  🖥  Server:      Alpaca MCP Server, 3.4.7                    │
│                  🚀 Deploy free: https://horizon.prefect.io                  │
│                                                                              │
╰──────────────────────────────────────────────────────────────────────────────╯


[08/27/26 15:13:12] INFO     Starting MCP server 'Alpaca MCP    transport.py:241
                             Server' with transport 'stdio'                     


╭──────────────────────────────────────────────────────────────────────────────╮
│                                                                              │
│                                                                              │
│                         ▄▀▀ ▄▀█ █▀▀ ▀█▀ █▀▄▀█ █▀▀ █▀█                        │
│                         █▀  █▀█ ▄▄█  █  █ ▀ █ █▄▄ █▀▀                        │
│                                                                              │
│                                                                              │
│                                                                              │
│                                FastMCP 3.4.7                                 │
│                            https://gofastmcp.com                             │
│                                                                              │
│                  🖥  Server:      Alpaca MCP Server, 3.4.7                    │
│                  🚀 Deploy free: https://horizon.prefect.io                  │
│                                                                              │
╰──────────────────────────────────────────────────────────────────────────────╯


[08/27/26 15:13:32] INFO     Starting MCP server 'Alpaca MCP    transport.py:241
                             Server' with transport 'stdio'                     


╭──────────────────────────────────────────────────────────────────────────────╮
│                                                                              │
│                                                                              │
│                         ▄▀▀ ▄▀█ █▀▀ ▀█▀ █▀▄▀█ █▀▀ █▀█                        │
│                         █▀  █▀█ ▄▄█  █  █ ▀ █ █▄▄ █▀▀                        │
│                                                                              │
│                                                                              │
│                                                                              │
│                                FastMCP 3.4.7                                 │
│                            https://gofastmcp.com                             │
│                                                                              │
│                  🖥  Server:      Alpaca MCP Server, 3.4.7                    │
│                  🚀 Deploy free: https://horizon.prefect.io                  │
│                                                                              │
╰──────────────────────────────────────────────────────────────────────────────╯


[08/27/26 15:13:52] INFO     Starting MCP server 'Alpaca MCP    transport.py:241
                             Server' with transport 'stdio'                     


╭──────────────────────────────────────────────────────────────────────────────╮
│                                                                              │
│                                                                              │
│                         ▄▀▀ ▄▀█ █▀▀ ▀█▀ █▀▄▀█ █▀▀ █▀█                        │
│                         █▀  █▀█ ▄▄█  █  █ ▀ █ █▄▄ █▀▀                        │
│                                                                              │
│                                                                              │
│                                                                              │
│                                FastMCP 3.4.7                                 │
│                            https://gofastmcp.com                             │
│                                                                              │
│                  🖥  Server:      Alpaca MCP Server, 3.4.7                    │
│                  🚀 Deploy free: https://horizon.prefect.io                  │
│                                                                              │
╰──────────────────────────────────────────────────────────────────────────────╯


[08/27/26 15:14:12] INFO     Starting MCP server 'Alpaca MCP    transport.py:241
                             Server' with transport 'stdio'                     


╭──────────────────────────────────────────────────────────────────────────────╮
│                                                                              │
│                                                                              │
│                         ▄▀▀ ▄▀█ █▀▀ ▀█▀ █▀▄▀█ █▀▀ █▀█                        │
│                         █▀  █▀█ ▄▄█  █  █ ▀ █ █▄▄ █▀▀                        │
│                                                                              │
│                                                                              │
│                                                                              │
│                                FastMCP 3.4.7                                 │
│                            https://gofastmcp.com                             │
│                                                                              │
│                  🖥  Server:      Alpaca MCP Server, 3.4.7                    │
│                  🚀 Deploy free: https://horizon.prefect.io                  │
│                                                                              │
╰──────────────────────────────────────────────────────────────────────────────╯


[08/27/26 15:14:32] INFO     Starting MCP server 'Alpaca MCP    transport.py:241
                             Server' with transport 'stdio'                     


╭──────────────────────────────────────────────────────────────────────────────╮
│                                                                              │
│                                                                              │
│                         ▄▀▀ ▄▀█ █▀▀ ▀█▀ █▀▄▀█ █▀▀ █▀█                        │
│                         █▀  █▀█ ▄▄█  █  █ ▀ █ █▄▄ █▀▀                        │
│                                                                              │
│                                                                              │
│                                                                              │
│                                FastMCP 3.4.7                                 │
│                            https://gofastmcp.com                             │
│                                                                              │
│                  🖥  Server:      Alpaca MCP Server, 3.4.7                    │
│                  🚀 Deploy free: https://horizon.prefect.io                  │
│                                                                              │
╰──────────────────────────────────────────────────────────────────────────────╯


[08/27/26 15:14:52] INFO     Starting MCP server 'Alpaca MCP    transport.py:241
                             Server' with transport 'stdio'                     


╭──────────────────────────────────────────────────────────────────────────────╮
│                                                                              │
│                                                                              │
│                         ▄▀▀ ▄▀█ █▀▀ ▀█▀ █▀▄▀█ █▀▀ █▀█                        │
│                         █▀  █▀█ ▄▄█  █  █ ▀ █ █▄▄ █▀▀                        │
│                                                                              │
│                                                                              │
│                                                                              │
│                                FastMCP 3.4.7                                 │
│                            https://gofastmcp.com                             │
│                                                                              │
│                  🖥  Server:      Alpaca MCP Server, 3.4.7                    │
│                  🚀 Deploy free: https://horizon.prefect.io                  │
│                                                                              │
╰──────────────────────────────────────────────────────────────────────────────╯


[08/27/26 15:15:12] INFO     Starting MCP server 'Alpaca MCP    transport.py:241
                             Server' with transport 'stdio'                     


╭──────────────────────────────────────────────────────────────────────────────╮
│                                                                              │
│                                                                              │
│                         ▄▀▀ ▄▀█ █▀▀ ▀█▀ █▀▄▀█ █▀▀ █▀█                        │
│                         █▀  █▀█ ▄▄█  █  █ ▀ █ █▄▄ █▀▀                        │
│                                                                              │
│                                                                              │
│                                                                              │
│                                FastMCP 3.4.7                                 │
│                            https://gofastmcp.com                             │
│                                                                              │
│                  🖥  Server:      Alpaca MCP Server, 3.4.7                    │
│                  🚀 Deploy free: https://horizon.prefect.io                  │
│                                                                              │
╰──────────────────────────────────────────────────────────────────────────────╯


[08/27/26 15:15:32] INFO     Starting MCP server 'Alpaca MCP    transport.py:241
                             Server' with transport 'stdio'                     


╭──────────────────────────────────────────────────────────────────────────────╮
│                                                                              │
│                                                                              │
│                         ▄▀▀ ▄▀█ █▀▀ ▀█▀ █▀▄▀█ █▀▀ █▀█                        │
│                         █▀  █▀█ ▄▄█  █  █ ▀ █ █▄▄ █▀▀                        │
│                                                                              │
│                                                                              │
│                                                                              │
│                                FastMCP 3.4.7                                 │
│                            https://gofastmcp.com                             │
│                                                                              │
│                  🖥  Server:      Alpaca MCP Server, 3.4.7                    │
│                  🚀 Deploy free: https://horizon.prefect.io                  │
│                                                                              │
╰──────────────────────────────────────────────────────────────────────────────╯


[08/27/26 15:15:52] INFO     Starting MCP server 'Alpaca MCP    transport.py:241
                             Server' with transport 'stdio'                     


╭──────────────────────────────────────────────────────────────────────────────╮
│                                                                              │
│                                                                              │
│                         ▄▀▀ ▄▀█ █▀▀ ▀█▀ █▀▄▀█ █▀▀ █▀█                        │
│                         █▀  █▀█ ▄▄█  █  █ ▀ █ █▄▄ █▀▀                        │
│                                                                              │
│                                                                              │
│                                                                              │
│                                FastMCP 3.4.7                                 │
│                            https://gofastmcp.com                             │
│                                                                              │
│                  🖥  Server:      Alpaca MCP Server, 3.4.7                    │
│                  🚀 Deploy free: https://horizon.prefect.io                  │
│                                                                              │
╰──────────────────────────────────────────────────────────────────────────────╯


[08/27/26 15:16:12] INFO     Starting MCP server 'Alpaca MCP    transport.py:241
                             Server' with transport 'stdio'                     


╭──────────────────────────────────────────────────────────────────────────────╮
│                                                                              │
│                                                                              │
│                         ▄▀▀ ▄▀█ █▀▀ ▀█▀ █▀▄▀█ █▀▀ █▀█                        │
│                         █▀  █▀█ ▄▄█  █  █ ▀ █ █▄▄ █▀▀                        │
│                                                                              │
│                                                                              │
│                                                                              │
│                                FastMCP 3.4.7                                 │
│                            https://gofastmcp.com                             │
│                                                                              │
│                  🖥  Server:      Alpaca MCP Server, 3.4.7                    │
│                  🚀 Deploy free: https://horizon.prefect.io                  │
│                                                                              │
╰──────────────────────────────────────────────────────────────────────────────╯


[08/27/26 15:16:32] INFO     Starting MCP server 'Alpaca MCP    transport.py:241
                             Server' with transport 'stdio'                     


╭──────────────────────────────────────────────────────────────────────────────╮
│                                                                              │
│                                                                              │
│                         ▄▀▀ ▄▀█ █▀▀ ▀█▀ █▀▄▀█ █▀▀ █▀█                        │
│                         █▀  █▀█ ▄▄█  █  █ ▀ █ █▄▄ █▀▀                        │
│                                                                              │
│                                                                              │
│                                                                              │
│                                FastMCP 3.4.7                                 │
│                            https://gofastmcp.com                             │
│                                                                              │
│                  🖥  Server:      Alpaca MCP Server, 3.4.7                    │
│                  🚀 Deploy free: https://horizon.prefect.io                  │
│                                                                              │
╰──────────────────────────────────────────────────────────────────────────────╯


[08/27/26 15:16:52] INFO     Starting MCP server 'Alpaca MCP    transport.py:241
                             Server' with transport 'stdio'                     


╭──────────────────────────────────────────────────────────────────────────────╮
│                                                                              │
│                                                                              │
│                         ▄▀▀ ▄▀█ █▀▀ ▀█▀ █▀▄▀█ █▀▀ █▀█                        │
│                         █▀  █▀█ ▄▄█  █  █ ▀ █ █▄▄ █▀▀                        │
│                                                                              │
│                                                                              │
│                                                                              │
│                                FastMCP 3.4.7                                 │
│                            https://gofastmcp.com                             │
│                                                                              │
│                  🖥  Server:      Alpaca MCP Server, 3.4.7                    │
│                  🚀 Deploy free: https://horizon.prefect.io                  │
│                                                                              │
╰──────────────────────────────────────────────────────────────────────────────╯


[08/27/26 15:17:12] INFO     Starting MCP server 'Alpaca MCP    transport.py:241
                             Server' with transport 'stdio'                     


╭──────────────────────────────────────────────────────────────────────────────╮
│                                                                              │
│                                                                              │
│                         ▄▀▀ ▄▀█ █▀▀ ▀█▀ █▀▄▀█ █▀▀ █▀█                        │
│                         █▀  █▀█ ▄▄█  █  █ ▀ █ █▄▄ █▀▀                        │
│                                                                              │
│                                                                              │
│                                                                              │
│                                FastMCP 3.4.7                                 │
│                            https://gofastmcp.com                             │
│                                                                              │
│                  🖥  Server:      Alpaca MCP Server, 3.4.7                    │
│                  🚀 Deploy free: https://horizon.prefect.io                  │
│                                                                              │
╰──────────────────────────────────────────────────────────────────────────────╯


[08/27/26 15:17:32] INFO     Starting MCP server 'Alpaca MCP    transport.py:241
                             Server' with transport 'stdio'                     


╭──────────────────────────────────────────────────────────────────────────────╮
│                                                                              │
│                                                                              │
│                         ▄▀▀ ▄▀█ █▀▀ ▀█▀ █▀▄▀█ █▀▀ █▀█                        │
│                         █▀  █▀█ ▄▄█  █  █ ▀ █ █▄▄ █▀▀                        │
│                                                                              │
│                                                                              │
│                                                                              │
│                                FastMCP 3.4.7                                 │
│                            https://gofastmcp.com                             │
│                                                                              │
│                  🖥  Server:      Alpaca MCP Server, 3.4.7                    │
│                  🚀 Deploy free: https://horizon.prefect.io                  │
│                                                                              │
╰──────────────────────────────────────────────────────────────────────────────╯


[08/27/26 15:17:52] INFO     Starting MCP server 'Alpaca MCP    transport.py:241
                             Server' with transport 'stdio'                     


╭──────────────────────────────────────────────────────────────────────────────╮
│                                                                              │
│                                                                              │
│                         ▄▀▀ ▄▀█ █▀▀ ▀█▀ █▀▄▀█ █▀▀ █▀█                        │
│                         █▀  █▀█ ▄▄█  █  █ ▀ █ █▄▄ █▀▀                        │
│                                                                              │
│                                                                              │
│                                                                              │
│                                FastMCP 3.4.7                                 │
│                            https://gofastmcp.com                             │
│                                                                              │
│                  🖥  Server:      Alpaca MCP Server, 3.4.7                    │
│                  🚀 Deploy free: https://horizon.prefect.io                  │
│                                                                              │
╰──────────────────────────────────────────────────────────────────────────────╯


[08/27/26 15:18:12] INFO     Starting MCP server 'Alpaca MCP    transport.py:241
                             Server' with transport 'stdio'                     


╭──────────────────────────────────────────────────────────────────────────────╮
│                                                                              │
│                                                                              │
│                         ▄▀▀ ▄▀█ █▀▀ ▀█▀ █▀▄▀█ █▀▀ █▀█                        │
│                         █▀  █▀█ ▄▄█  █  █ ▀ █ █▄▄ █▀▀                        │
│                                                                              │
│                                                                              │
│                                                                              │
│                                FastMCP 3.4.7                                 │
│                            https://gofastmcp.com                             │
│                                                                              │
│                  🖥  Server:      Alpaca MCP Server, 3.4.7                    │
│                  🚀 Deploy free: https://horizon.prefect.io                  │
│                                                                              │
╰──────────────────────────────────────────────────────────────────────────────╯


[08/27/26 15:18:32] INFO     Starting MCP server 'Alpaca MCP    transport.py:241
                             Server' with transport 'stdio'                     


╭──────────────────────────────────────────────────────────────────────────────╮
│                                                                              │
│                                                                              │
│                         ▄▀▀ ▄▀█ █▀▀ ▀█▀ █▀▄▀█ █▀▀ █▀█                        │
│                         █▀  █▀█ ▄▄█  █  █ ▀ █ █▄▄ █▀▀                        │
│                                                                              │
│                                                                              │
│                                                                              │
│                                FastMCP 3.4.7                                 │
│                            https://gofastmcp.com                             │
│                                                                              │
│                  🖥  Server:      Alpaca MCP Server, 3.4.7                    │
│                  🚀 Deploy free: https://horizon.prefect.io                  │
│                                                                              │
╰──────────────────────────────────────────────────────────────────────────────╯


[08/27/26 15:18:52] INFO     Starting MCP server 'Alpaca MCP    transport.py:241
                             Server' with transport 'stdio'                     


╭──────────────────────────────────────────────────────────────────────────────╮
│                                                                              │
│                                                                              │
│                         ▄▀▀ ▄▀█ █▀▀ ▀█▀ █▀▄▀█ █▀▀ █▀█                        │
│                         █▀  █▀█ ▄▄█  █  █ ▀ █ █▄▄ █▀▀                        │
│                                                                              │
│                                                                              │
│                                                                              │
│                                FastMCP 3.4.7                                 │
│                            https://gofastmcp.com                             │
│                                                                              │
│                  🖥  Server:      Alpaca MCP Server, 3.4.7                    │
│                  🚀 Deploy free: https://horizon.prefect.io                  │
│                                                                              │
╰──────────────────────────────────────────────────────────────────────────────╯


[08/27/26 15:19:12] INFO     Starting MCP server 'Alpaca MCP    transport.py:241
                             Server' with transport 'stdio'                     


╭──────────────────────────────────────────────────────────────────────────────╮
│                                                                              │
│                                                                              │
│                         ▄▀▀ ▄▀█ █▀▀ ▀█▀ █▀▄▀█ █▀▀ █▀█                        │
│                         █▀  █▀█ ▄▄█  █  █ ▀ █ █▄▄ █▀▀                        │
│                                                                              │
│                                                                              │
│                                                                              │
│                                FastMCP 3.4.7                                 │
│                            https://gofastmcp.com                             │
│                                                                              │
│                  🖥  Server:      Alpaca MCP Server, 3.4.7                    │
│                  🚀 Deploy free: https://horizon.prefect.io                  │
│                                                                              │
╰──────────────────────────────────────────────────────────────────────────────╯


[08/27/26 15:19:32] INFO     Starting MCP server 'Alpaca MCP    transport.py:241
                             Server' with transport 'stdio'                     


╭──────────────────────────────────────────────────────────────────────────────╮
│                                                                              │
│                                                                              │
│                         ▄▀▀ ▄▀█ █▀▀ ▀█▀ █▀▄▀█ █▀▀ █▀█                        │
│                         █▀  █▀█ ▄▄█  █  █ ▀ █ █▄▄ █▀▀                        │
│                                                                              │
│                                                                              │
│                                                                              │
│                                FastMCP 3.4.7                                 │
│                            https://gofastmcp.com                             │
│                                                                              │
│                  🖥  Server:      Alpaca MCP Server, 3.4.7                    │
│                  🚀 Deploy free: https://horizon.prefect.io                  │
│                                                                              │
╰──────────────────────────────────────────────────────────────────────────────╯


[08/27/26 15:19:52] INFO     Starting MCP server 'Alpaca MCP    transport.py:241
                             Server' with transport 'stdio'                     


╭──────────────────────────────────────────────────────────────────────────────╮
│                                                                              │
│                                                                              │
│                         ▄▀▀ ▄▀█ █▀▀ ▀█▀ █▀▄▀█ █▀▀ █▀█                        │
│                         █▀  █▀█ ▄▄█  █  █ ▀ █ █▄▄ █▀▀                        │
│                                                                              │
│                                                                              │
│                                                                              │
│                                FastMCP 3.4.7                                 │
│                            https://gofastmcp.com                             │
│                                                                              │
│                  🖥  Server:      Alpaca MCP Server, 3.4.7                    │
│                  🚀 Deploy free: https://horizon.prefect.io                  │
│                                                                              │
╰──────────────────────────────────────────────────────────────────────────────╯


[08/27/26 15:20:12] INFO     Starting MCP server 'Alpaca MCP    transport.py:241
                             Server' with transport 'stdio'                     


╭──────────────────────────────────────────────────────────────────────────────╮
│                                                                              │
│                                                                              │
│                         ▄▀▀ ▄▀█ █▀▀ ▀█▀ █▀▄▀█ █▀▀ █▀█                        │
│                         █▀  █▀█ ▄▄█  █  █ ▀ █ █▄▄ █▀▀                        │
│                                                                              │
│                                                                              │
│                                                                              │
│                                FastMCP 3.4.7                                 │
│                            https://gofastmcp.com                             │
│                                                                              │
│                  🖥  Server:      Alpaca MCP Server, 3.4.7                    │
│                  🚀 Deploy free: https://horizon.prefect.io                  │
│                                                                              │
╰──────────────────────────────────────────────────────────────────────────────╯


[08/27/26 15:20:32] INFO     Starting MCP server 'Alpaca MCP    transport.py:241
                             Server' with transport 'stdio'                     


╭──────────────────────────────────────────────────────────────────────────────╮
│                                                                              │
│                                                                              │
│                         ▄▀▀ ▄▀█ █▀▀ ▀█▀ █▀▄▀█ █▀▀ █▀█                        │
│                         █▀  █▀█ ▄▄█  █  █ ▀ █ █▄▄ █▀▀                        │
│                                                                              │
│                                                                              │
│                                                                              │
│                                FastMCP 3.4.7                                 │
│                            https://gofastmcp.com                             │
│                                                                              │
│                  🖥  Server:      Alpaca MCP Server, 3.4.7                    │
│                  🚀 Deploy free: https://horizon.prefect.io                  │
│                                                                              │
╰──────────────────────────────────────────────────────────────────────────────╯


[08/27/26 15:20:52] INFO     Starting MCP server 'Alpaca MCP    transport.py:241
                             Server' with transport 'stdio'                     


╭──────────────────────────────────────────────────────────────────────────────╮
│                                                                              │
│                                                                              │
│                         ▄▀▀ ▄▀█ █▀▀ ▀█▀ █▀▄▀█ █▀▀ █▀█                        │
│                         █▀  █▀█ ▄▄█  █  █ ▀ █ █▄▄ █▀▀                        │
│                                                                              │
│                                                                              │
│                                                                              │
│                                FastMCP 3.4.7                                 │
│                            https://gofastmcp.com                             │
│                                                                              │
│                  🖥  Server:      Alpaca MCP Server, 3.4.7                    │
│                  🚀 Deploy free: https://horizon.prefect.io                  │
│                                                                              │
╰──────────────────────────────────────────────────────────────────────────────╯


[08/27/26 15:21:12] INFO     Starting MCP server 'Alpaca MCP    transport.py:241
                             Server' with transport 'stdio'                     


╭──────────────────────────────────────────────────────────────────────────────╮
│                                                                              │
│                                                                              │
│                         ▄▀▀ ▄▀█ █▀▀ ▀█▀ █▀▄▀█ █▀▀ █▀█                        │
│                         █▀  █▀█ ▄▄█  █  █ ▀ █ █▄▄ █▀▀                        │
│                                                                              │
│                                                                              │
│                                                                              │
│                                FastMCP 3.4.7                                 │
│                            https://gofastmcp.com                             │
│                                                                              │
│                  🖥  Server:      Alpaca MCP Server, 3.4.7                    │
│                  🚀 Deploy free: https://horizon.prefect.io                  │
│                                                                              │
╰──────────────────────────────────────────────────────────────────────────────╯


[08/27/26 15:21:32] INFO     Starting MCP server 'Alpaca MCP    transport.py:241
                             Server' with transport 'stdio'                     


╭──────────────────────────────────────────────────────────────────────────────╮
│                                                                              │
│                                                                              │
│                         ▄▀▀ ▄▀█ █▀▀ ▀█▀ █▀▄▀█ █▀▀ █▀█                        │
│                         █▀  █▀█ ▄▄█  █  █ ▀ █ █▄▄ █▀▀                        │
│                                                                              │
│                                                                              │
│                                                                              │
│                                FastMCP 3.4.7                                 │
│                            https://gofastmcp.com                             │
│                                                                              │
│                  🖥  Server:      Alpaca MCP Server, 3.4.7                    │
│                  🚀 Deploy free: https://horizon.prefect.io                  │
│                                                                              │
╰──────────────────────────────────────────────────────────────────────────────╯


[08/27/26 15:21:52] INFO     Starting MCP server 'Alpaca MCP    transport.py:241
                             Server' with transport 'stdio'                     


╭──────────────────────────────────────────────────────────────────────────────╮
│                                                                              │
│                                                                              │
│                         ▄▀▀ ▄▀█ █▀▀ ▀█▀ █▀▄▀█ █▀▀ █▀█                        │
│                         █▀  █▀█ ▄▄█  █  █ ▀ █ █▄▄ █▀▀                        │
│                                                                              │
│                                                                              │
│                                                                              │
│                                FastMCP 3.4.7                                 │
│                            https://gofastmcp.com                             │
│                                                                              │
│                  🖥  Server:      Alpaca MCP Server, 3.4.7                    │
│                  🚀 Deploy free: https://horizon.prefect.io                  │
│                                                                              │
╰──────────────────────────────────────────────────────────────────────────────╯


[08/27/26 15:22:12] INFO     Starting MCP server 'Alpaca MCP    transport.py:241
                             Server' with transport 'stdio'                     


╭──────────────────────────────────────────────────────────────────────────────╮
│                                                                              │
│                                                                              │
│                         ▄▀▀ ▄▀█ █▀▀ ▀█▀ █▀▄▀█ █▀▀ █▀█                        │
│                         █▀  █▀█ ▄▄█  █  █ ▀ █ █▄▄ █▀▀                        │
│                                                                              │
│                                                                              │
│                                                                              │
│                                FastMCP 3.4.7                                 │
│                            https://gofastmcp.com                             │
│                                                                              │
│                  🖥  Server:      Alpaca MCP Server, 3.4.7                    │
│                  🚀 Deploy free: https://horizon.prefect.io                  │
│                                                                              │
╰──────────────────────────────────────────────────────────────────────────────╯


[08/27/26 15:22:32] INFO     Starting MCP server 'Alpaca MCP    transport.py:241
                             Server' with transport 'stdio'                     


╭──────────────────────────────────────────────────────────────────────────────╮
│                                                                              │
│                                                                              │
│                         ▄▀▀ ▄▀█ █▀▀ ▀█▀ █▀▄▀█ █▀▀ █▀█                        │
│                         █▀  █▀█ ▄▄█  █  █ ▀ █ █▄▄ █▀▀                        │
│                                                                              │
│                                                                              │
│                                                                              │
│                                FastMCP 3.4.7                                 │
│                            https://gofastmcp.com                             │
│                                                                              │
│                  🖥  Server:      Alpaca MCP Server, 3.4.7                    │
│                  🚀 Deploy free: https://horizon.prefect.io                  │
│                                                                              │
╰──────────────────────────────────────────────────────────────────────────────╯


[08/27/26 15:22:52] INFO     Starting MCP server 'Alpaca MCP    transport.py:241
                             Server' with transport 'stdio'                     


╭──────────────────────────────────────────────────────────────────────────────╮
│                                                                              │
│                                                                              │
│                         ▄▀▀ ▄▀█ █▀▀ ▀█▀ █▀▄▀█ █▀▀ █▀█                        │
│                         █▀  █▀█ ▄▄█  █  █ ▀ █ █▄▄ █▀▀                        │
│                                                                              │
│                                                                              │
│                                                                              │
│                                FastMCP 3.4.7                                 │
│                            https://gofastmcp.com                             │
│                                                                              │
│                  🖥  Server:      Alpaca MCP Server, 3.4.7                    │
│                  🚀 Deploy free: https://horizon.prefect.io                  │
│                                                                              │
╰──────────────────────────────────────────────────────────────────────────────╯


[08/27/26 15:23:12] INFO     Starting MCP server 'Alpaca MCP    transport.py:241
                             Server' with transport 'stdio'                     


╭──────────────────────────────────────────────────────────────────────────────╮
│                                                                              │
│                                                                              │
│                         ▄▀▀ ▄▀█ █▀▀ ▀█▀ █▀▄▀█ █▀▀ █▀█                        │
│                         █▀  █▀█ ▄▄█  █  █ ▀ █ █▄▄ █▀▀                        │
│                                                                              │
│                                                                              │
│                                                                              │
│                                FastMCP 3.4.7                                 │
│                            https://gofastmcp.com                             │
│                                                                              │
│                  🖥  Server:      Alpaca MCP Server, 3.4.7                    │
│                  🚀 Deploy free: https://horizon.prefect.io                  │
│                                                                              │
╰──────────────────────────────────────────────────────────────────────────────╯


[08/27/26 15:23:32] INFO     Starting MCP server 'Alpaca MCP    transport.py:241
                             Server' with transport 'stdio'                     


╭──────────────────────────────────────────────────────────────────────────────╮
│                                                                              │
│                                                                              │
│                         ▄▀▀ ▄▀█ █▀▀ ▀█▀ █▀▄▀█ █▀▀ █▀█                        │
│                         █▀  █▀█ ▄▄█  █  █ ▀ █ █▄▄ █▀▀                        │
│                                                                              │
│                                                                              │
│                                                                              │
│                                FastMCP 3.4.7                                 │
│                            https://gofastmcp.com                             │
│                                                                              │
│                  🖥  Server:      Alpaca MCP Server, 3.4.7                    │
│                  🚀 Deploy free: https://horizon.prefect.io                  │
│                                                                              │
╰──────────────────────────────────────────────────────────────────────────────╯


[08/27/26 15:23:52] INFO     Starting MCP server 'Alpaca MCP    transport.py:241
                             Server' with transport 'stdio'                     


╭──────────────────────────────────────────────────────────────────────────────╮
│                                                                              │
│                                                                              │
│                         ▄▀▀ ▄▀█ █▀▀ ▀█▀ █▀▄▀█ █▀▀ █▀█                        │
│                         █▀  █▀█ ▄▄█  █  █ ▀ █ █▄▄ █▀▀                        │
│                                                                              │
│                                                                              │
│                                                                              │
│                                FastMCP 3.4.7                                 │
│                            https://gofastmcp.com                             │
│                                                                              │
│                  🖥  Server:      Alpaca MCP Server, 3.4.7                    │
│                  🚀 Deploy free: https://horizon.prefect.io                  │
│                                                                              │
╰──────────────────────────────────────────────────────────────────────────────╯


[08/27/26 15:24:12] INFO     Starting MCP server 'Alpaca MCP    transport.py:241
                             Server' with transport 'stdio'                     


╭──────────────────────────────────────────────────────────────────────────────╮
│                                                                              │
│                                                                              │
│                         ▄▀▀ ▄▀█ █▀▀ ▀█▀ █▀▄▀█ █▀▀ █▀█                        │
│                         █▀  █▀█ ▄▄█  █  █ ▀ █ █▄▄ █▀▀                        │
│                                                                              │
│                                                                              │
│                                                                              │
│                                FastMCP 3.4.7                                 │
│                            https://gofastmcp.com                             │
│                                                                              │
│                  🖥  Server:      Alpaca MCP Server, 3.4.7                    │
│                  🚀 Deploy free: https://horizon.prefect.io                  │
│                                                                              │
╰──────────────────────────────────────────────────────────────────────────────╯


[08/27/26 15:24:32] INFO     Starting MCP server 'Alpaca MCP    transport.py:241
                             Server' with transport 'stdio'                     


╭──────────────────────────────────────────────────────────────────────────────╮
│                                                                              │
│                                                                              │
│                         ▄▀▀ ▄▀█ █▀▀ ▀█▀ █▀▄▀█ █▀▀ █▀█                        │
│                         █▀  █▀█ ▄▄█  █  █ ▀ █ █▄▄ █▀▀                        │
│                                                                              │
│                                                                              │
│                                                                              │
│                                FastMCP 3.4.7                                 │
│                            https://gofastmcp.com                             │
│                                                                              │
│                  🖥  Server:      Alpaca MCP Server, 3.4.7                    │
│                  🚀 Deploy free: https://horizon.prefect.io                  │
│                                                                              │
╰──────────────────────────────────────────────────────────────────────────────╯


[08/27/26 15:24:52] INFO     Starting MCP server 'Alpaca MCP    transport.py:241
                             Server' with transport 'stdio'                     


╭──────────────────────────────────────────────────────────────────────────────╮
│                                                                              │
│                                                                              │
│                         ▄▀▀ ▄▀█ █▀▀ ▀█▀ █▀▄▀█ █▀▀ █▀█                        │
│                         █▀  █▀█ ▄▄█  █  █ ▀ █ █▄▄ █▀▀                        │
│                                                                              │
│                                                                              │
│                                                                              │
│                                FastMCP 3.4.7                                 │
│                            https://gofastmcp.com                             │
│                                                                              │
│                  🖥  Server:      Alpaca MCP Server, 3.4.7                    │
│                  🚀 Deploy free: https://horizon.prefect.io                  │
│                                                                              │
╰──────────────────────────────────────────────────────────────────────────────╯


[08/27/26 15:25:12] INFO     Starting MCP server 'Alpaca MCP    transport.py:241
                             Server' with transport 'stdio'                     


╭──────────────────────────────────────────────────────────────────────────────╮
│                                                                              │
│                                                                              │
│                         ▄▀▀ ▄▀█ █▀▀ ▀█▀ █▀▄▀█ █▀▀ █▀█                        │
│                         █▀  █▀█ ▄▄█  █  █ ▀ █ █▄▄ █▀▀                        │
│                                                                              │
│                                                                              │
│                                                                              │
│                                FastMCP 3.4.7                                 │
│                            https://gofastmcp.com                             │
│                                                                              │
│                  🖥  Server:      Alpaca MCP Server, 3.4.7                    │
│                  🚀 Deploy free: https://horizon.prefect.io                  │
│                                                                              │
╰──────────────────────────────────────────────────────────────────────────────╯


[08/27/26 15:25:32] INFO     Starting MCP server 'Alpaca MCP    transport.py:241
                             Server' with transport 'stdio'                     


╭──────────────────────────────────────────────────────────────────────────────╮
│                                                                              │
│                                                                              │
│                         ▄▀▀ ▄▀█ █▀▀ ▀█▀ █▀▄▀█ █▀▀ █▀█                        │
│                         █▀  █▀█ ▄▄█  █  █ ▀ █ █▄▄ █▀▀                        │
│                                                                              │
│                                                                              │
│                                                                              │
│                                FastMCP 3.4.7                                 │
│                            https://gofastmcp.com                             │
│                                                                              │
│                  🖥  Server:      Alpaca MCP Server, 3.4.7                    │
│                  🚀 Deploy free: https://horizon.prefect.io                  │
│                                                                              │
╰──────────────────────────────────────────────────────────────────────────────╯


[08/27/26 15:25:52] INFO     Starting MCP server 'Alpaca MCP    transport.py:241
                             Server' with transport 'stdio'                     


╭──────────────────────────────────────────────────────────────────────────────╮
│                                                                              │
│                                                                              │
│                         ▄▀▀ ▄▀█ █▀▀ ▀█▀ █▀▄▀█ █▀▀ █▀█                        │
│                         █▀  █▀█ ▄▄█  █  █ ▀ █ █▄▄ █▀▀                        │
│                                                                              │
│                                                                              │
│                                                                              │
│                                FastMCP 3.4.7                                 │
│                            https://gofastmcp.com                             │
│                                                                              │
│                  🖥  Server:      Alpaca MCP Server, 3.4.7                    │
│                  🚀 Deploy free: https://horizon.prefect.io                  │
│                                                                              │
╰──────────────────────────────────────────────────────────────────────────────╯


[08/27/26 15:26:12] INFO     Starting MCP server 'Alpaca MCP    transport.py:241
                             Server' with transport 'stdio'                     


╭──────────────────────────────────────────────────────────────────────────────╮
│                                                                              │
│                                                                              │
│                         ▄▀▀ ▄▀█ █▀▀ ▀█▀ █▀▄▀█ █▀▀ █▀█                        │
│                         █▀  █▀█ ▄▄█  █  █ ▀ █ █▄▄ █▀▀                        │
│                                                                              │
│                                                                              │
│                                                                              │
│                                FastMCP 3.4.7                                 │
│                            https://gofastmcp.com                             │
│                                                                              │
│                  🖥  Server:      Alpaca MCP Server, 3.4.7                    │
│                  🚀 Deploy free: https://horizon.prefect.io                  │
│                                                                              │
╰──────────────────────────────────────────────────────────────────────────────╯


[08/27/26 15:26:32] INFO     Starting MCP server 'Alpaca MCP    transport.py:241
                             Server' with transport 'stdio'                     


╭──────────────────────────────────────────────────────────────────────────────╮
│                                                                              │
│                                                                              │
│                         ▄▀▀ ▄▀█ █▀▀ ▀█▀ █▀▄▀█ █▀▀ █▀█                        │
│                         █▀  █▀█ ▄▄█  █  █ ▀ █ █▄▄ █▀▀                        │
│                                                                              │
│                                                                              │
│                                                                              │
│                                FastMCP 3.4.7                                 │
│                            https://gofastmcp.com                             │
│                                                                              │
│                  🖥  Server:      Alpaca MCP Server, 3.4.7                    │
│                  🚀 Deploy free: https://horizon.prefect.io                  │
│                                                                              │
╰──────────────────────────────────────────────────────────────────────────────╯


[08/27/26 15:26:52] INFO     Starting MCP server 'Alpaca MCP    transport.py:241
                             Server' with transport 'stdio'                     


╭──────────────────────────────────────────────────────────────────────────────╮
│                                                                              │
│                                                                              │
│                         ▄▀▀ ▄▀█ █▀▀ ▀█▀ █▀▄▀█ █▀▀ █▀█                        │
│                         █▀  █▀█ ▄▄█  █  █ ▀ █ █▄▄ █▀▀                        │
│                                                                              │
│                                                                              │
│                                                                              │
│                                FastMCP 3.4.7                                 │
│                            https://gofastmcp.com                             │
│                                                                              │
│                  🖥  Server:      Alpaca MCP Server, 3.4.7                    │
│                  🚀 Deploy free: https://horizon.prefect.io                  │
│                                                                              │
╰──────────────────────────────────────────────────────────────────────────────╯


[08/27/26 15:27:12] INFO     Starting MCP server 'Alpaca MCP    transport.py:241
                             Server' with transport 'stdio'                     


╭──────────────────────────────────────────────────────────────────────────────╮
│                                                                              │
│                                                                              │
│                         ▄▀▀ ▄▀█ █▀▀ ▀█▀ █▀▄▀█ █▀▀ █▀█                        │
│                         █▀  █▀█ ▄▄█  █  █ ▀ █ █▄▄ █▀▀                        │
│                                                                              │
│                                                                              │
│                                                                              │
│                                FastMCP 3.4.7                                 │
│                            https://gofastmcp.com                             │
│                                                                              │
│                  🖥  Server:      Alpaca MCP Server, 3.4.7                    │
│                  🚀 Deploy free: https://horizon.prefect.io                  │
│                                                                              │
╰──────────────────────────────────────────────────────────────────────────────╯


[08/27/26 15:27:32] INFO     Starting MCP server 'Alpaca MCP    transport.py:241
                             Server' with transport 'stdio'                     


╭──────────────────────────────────────────────────────────────────────────────╮
│                                                                              │
│                                                                              │
│                         ▄▀▀ ▄▀█ █▀▀ ▀█▀ █▀▄▀█ █▀▀ █▀█                        │
│                         █▀  █▀█ ▄▄█  █  █ ▀ █ █▄▄ █▀▀                        │
│                                                                              │
│                                                                              │
│                                                                              │
│                                FastMCP 3.4.7                                 │
│                            https://gofastmcp.com                             │
│                                                                              │
│                  🖥  Server:      Alpaca MCP Server, 3.4.7                    │
│                  🚀 Deploy free: https://horizon.prefect.io                  │
│                                                                              │
╰──────────────────────────────────────────────────────────────────────────────╯


[08/27/26 15:27:52] INFO     Starting MCP server 'Alpaca MCP    transport.py:241
                             Server' with transport 'stdio'                     


╭──────────────────────────────────────────────────────────────────────────────╮
│                                                                              │
│                                                                              │
│                         ▄▀▀ ▄▀█ █▀▀ ▀█▀ █▀▄▀█ █▀▀ █▀█                        │
│                         █▀  █▀█ ▄▄█  █  █ ▀ █ █▄▄ █▀▀                        │
│                                                                              │
│                                                                              │
│                                                                              │
│                                FastMCP 3.4.7                                 │
│                            https://gofastmcp.com                             │
│                                                                              │
│                  🖥  Server:      Alpaca MCP Server, 3.4.7                    │
│                  🚀 Deploy free: https://horizon.prefect.io                  │
│                                                                              │
╰──────────────────────────────────────────────────────────────────────────────╯


[08/27/26 15:28:12] INFO     Starting MCP server 'Alpaca MCP    transport.py:241
                             Server' with transport 'stdio'                     


╭──────────────────────────────────────────────────────────────────────────────╮
│                                                                              │
│                                                                              │
│                         ▄▀▀ ▄▀█ █▀▀ ▀█▀ █▀▄▀█ █▀▀ █▀█                        │
│                         █▀  █▀█ ▄▄█  █  █ ▀ █ █▄▄ █▀▀                        │
│                                                                              │
│                                                                              │
│                                                                              │
│                                FastMCP 3.4.7                                 │
│                            https://gofastmcp.com                             │
│                                                                              │
│                  🖥  Server:      Alpaca MCP Server, 3.4.7                    │
│                  🚀 Deploy free: https://horizon.prefect.io                  │
│                                                                              │
╰──────────────────────────────────────────────────────────────────────────────╯


[08/27/26 15:28:32] INFO     Starting MCP server 'Alpaca MCP    transport.py:241
                             Server' with transport 'stdio'                     


╭──────────────────────────────────────────────────────────────────────────────╮
│                                                                              │
│                                                                              │
│                         ▄▀▀ ▄▀█ █▀▀ ▀█▀ █▀▄▀█ █▀▀ █▀█                        │
│                         █▀  █▀█ ▄▄█  █  █ ▀ █ █▄▄ █▀▀                        │
│                                                                              │
│                                                                              │
│                                                                              │
│                                FastMCP 3.4.7                                 │
│                            https://gofastmcp.com                             │
│                                                                              │
│                  🖥  Server:      Alpaca MCP Server, 3.4.7                    │
│                  🚀 Deploy free: https://horizon.prefect.io                  │
│                                                                              │
╰──────────────────────────────────────────────────────────────────────────────╯


[08/27/26 15:28:52] INFO     Starting MCP server 'Alpaca MCP    transport.py:241
                             Server' with transport 'stdio'                     


╭──────────────────────────────────────────────────────────────────────────────╮
│                                                                              │
│                                                                              │
│                         ▄▀▀ ▄▀█ █▀▀ ▀█▀ █▀▄▀█ █▀▀ █▀█                        │
│                         █▀  █▀█ ▄▄█  █  █ ▀ █ █▄▄ █▀▀                        │
│                                                                              │
│                                                                              │
│                                                                              │
│                                FastMCP 3.4.7                                 │
│                            https://gofastmcp.com                             │
│                                                                              │
│                  🖥  Server:      Alpaca MCP Server, 3.4.7                    │
│                  🚀 Deploy free: https://horizon.prefect.io                  │
│                                                                              │
╰──────────────────────────────────────────────────────────────────────────────╯


[08/27/26 15:29:12] INFO     Starting MCP server 'Alpaca MCP    transport.py:241
                             Server' with transport 'stdio'                     


╭──────────────────────────────────────────────────────────────────────────────╮
│                                                                              │
│                                                                              │
│                         ▄▀▀ ▄▀█ █▀▀ ▀█▀ █▀▄▀█ █▀▀ █▀█                        │
│                         █▀  █▀█ ▄▄█  █  █ ▀ █ █▄▄ █▀▀                        │
│                                                                              │
│                                                                              │
│                                                                              │
│                                FastMCP 3.4.7                                 │
│                            https://gofastmcp.com                             │
│                                                                              │
│                  🖥  Server:      Alpaca MCP Server, 3.4.7                    │
│                  🚀 Deploy free: https://horizon.prefect.io                  │
│                                                                              │
╰──────────────────────────────────────────────────────────────────────────────╯


[08/27/26 15:29:32] INFO     Starting MCP server 'Alpaca MCP    transport.py:241
                             Server' with transport 'stdio'                     


╭──────────────────────────────────────────────────────────────────────────────╮
│                                                                              │
│                                                                              │
│                         ▄▀▀ ▄▀█ █▀▀ ▀█▀ █▀▄▀█ █▀▀ █▀█                        │
│                         █▀  █▀█ ▄▄█  █  █ ▀ █ █▄▄ █▀▀                        │
│                                                                              │
│                                                                              │
│                                                                              │
│                                FastMCP 3.4.7                                 │
│                            https://gofastmcp.com                             │
│                                                                              │
│                  🖥  Server:      Alpaca MCP Server, 3.4.7                    │
│                  🚀 Deploy free: https://horizon.prefect.io                  │
│                                                                              │
╰──────────────────────────────────────────────────────────────────────────────╯


[08/27/26 15:29:52] INFO     Starting MCP server 'Alpaca MCP    transport.py:241
                             Server' with transport 'stdio'                     


╭──────────────────────────────────────────────────────────────────────────────╮
│                                                                              │
│                                                                              │
│                         ▄▀▀ ▄▀█ █▀▀ ▀█▀ █▀▄▀█ █▀▀ █▀█                        │
│                         █▀  █▀█ ▄▄█  █  █ ▀ █ █▄▄ █▀▀                        │
│                                                                              │
│                                                                              │
│                                                                              │
│                                FastMCP 3.4.7                                 │
│                            https://gofastmcp.com                             │
│                                                                              │
│                  🖥  Server:      Alpaca MCP Server, 3.4.7                    │
│                  🚀 Deploy free: https://horizon.prefect.io                  │
│                                                                              │
╰──────────────────────────────────────────────────────────────────────────────╯


[08/27/26 15:30:12] INFO     Starting MCP server 'Alpaca MCP    transport.py:241
                             Server' with transport 'stdio'                     


╭──────────────────────────────────────────────────────────────────────────────╮
│                                                                              │
│                                                                              │
│                         ▄▀▀ ▄▀█ █▀▀ ▀█▀ █▀▄▀█ █▀▀ █▀█                        │
│                         █▀  █▀█ ▄▄█  █  █ ▀ █ █▄▄ █▀▀                        │
│                                                                              │
│                                                                              │
│                                                                              │
│                                FastMCP 3.4.7                                 │
│                            https://gofastmcp.com                             │
│                                                                              │
│                  🖥  Server:      Alpaca MCP Server, 3.4.7                    │
│                  🚀 Deploy free: https://horizon.prefect.io                  │
│                                                                              │
╰──────────────────────────────────────────────────────────────────────────────╯


[08/27/26 15:30:32] INFO     Starting MCP server 'Alpaca MCP    transport.py:241
                             Server' with transport 'stdio'                     


╭──────────────────────────────────────────────────────────────────────────────╮
│                                                                              │
│                                                                              │
│                         ▄▀▀ ▄▀█ █▀▀ ▀█▀ █▀▄▀█ █▀▀ █▀█                        │
│                         █▀  █▀█ ▄▄█  █  █ ▀ █ █▄▄ █▀▀                        │
│                                                                              │
│                                                                              │
│                                                                              │
│                                FastMCP 3.4.7                                 │
│                            https://gofastmcp.com                             │
│                                                                              │
│                  🖥  Server:      Alpaca MCP Server, 3.4.7                    │
│                  🚀 Deploy free: https://horizon.prefect.io                  │
│                                                                              │
╰──────────────────────────────────────────────────────────────────────────────╯


[08/27/26 15:30:52] INFO     Starting MCP server 'Alpaca MCP    transport.py:241
                             Server' with transport 'stdio'                     


╭──────────────────────────────────────────────────────────────────────────────╮
│                                                                              │
│                                                                              │
│                         ▄▀▀ ▄▀█ █▀▀ ▀█▀ █▀▄▀█ █▀▀ █▀█                        │
│                         █▀  █▀█ ▄▄█  █  █ ▀ █ █▄▄ █▀▀                        │
│                                                                              │
│                                                                              │
│                                                                              │
│                                FastMCP 3.4.7                                 │
│                            https://gofastmcp.com                             │
│                                                                              │
│                  🖥  Server:      Alpaca MCP Server, 3.4.7                    │
│                  🚀 Deploy free: https://horizon.prefect.io                  │
│                                                                              │
╰──────────────────────────────────────────────────────────────────────────────╯


[08/27/26 15:31:12] INFO     Starting MCP server 'Alpaca MCP    transport.py:241
                             Server' with transport 'stdio'                     


╭──────────────────────────────────────────────────────────────────────────────╮
│                                                                              │
│                                                                              │
│                         ▄▀▀ ▄▀█ █▀▀ ▀█▀ █▀▄▀█ █▀▀ █▀█                        │
│                         █▀  █▀█ ▄▄█  █  █ ▀ █ █▄▄ █▀▀                        │
│                                                                              │
│                                                                              │
│                                                                              │
│                                FastMCP 3.4.7                                 │
│                            https://gofastmcp.com                             │
│                                                                              │
│                  🖥  Server:      Alpaca MCP Server, 3.4.7                    │
│                  🚀 Deploy free: https://horizon.prefect.io                  │
│                                                                              │
╰──────────────────────────────────────────────────────────────────────────────╯


[08/27/26 15:31:32] INFO     Starting MCP server 'Alpaca MCP    transport.py:241
                             Server' with transport 'stdio'                     


╭──────────────────────────────────────────────────────────────────────────────╮
│                                                                              │
│                                                                              │
│                         ▄▀▀ ▄▀█ █▀▀ ▀█▀ █▀▄▀█ █▀▀ █▀█                        │
│                         █▀  █▀█ ▄▄█  █  █ ▀ █ █▄▄ █▀▀                        │
│                                                                              │
│                                                                              │
│                                                                              │
│                                FastMCP 3.4.7                                 │
│                            https://gofastmcp.com                             │
│                                                                              │
│                  🖥  Server:      Alpaca MCP Server, 3.4.7                    │
│                  🚀 Deploy free: https://horizon.prefect.io                  │
│                                                                              │
╰──────────────────────────────────────────────────────────────────────────────╯


[08/27/26 15:31:52] INFO     Starting MCP server 'Alpaca MCP    transport.py:241
                             Server' with transport 'stdio'                     


╭──────────────────────────────────────────────────────────────────────────────╮
│                                                                              │
│                                                                              │
│                         ▄▀▀ ▄▀█ █▀▀ ▀█▀ █▀▄▀█ █▀▀ █▀█                        │
│                         █▀  █▀█ ▄▄█  █  █ ▀ █ █▄▄ █▀▀                        │
│                                                                              │
│                                                                              │
│                                                                              │
│                                FastMCP 3.4.7                                 │
│                            https://gofastmcp.com                             │
│                                                                              │
│                  🖥  Server:      Alpaca MCP Server, 3.4.7                    │
│                  🚀 Deploy free: https://horizon.prefect.io                  │
│                                                                              │
╰──────────────────────────────────────────────────────────────────────────────╯


[08/27/26 15:32:12] INFO     Starting MCP server 'Alpaca MCP    transport.py:241
                             Server' with transport 'stdio'                     


╭──────────────────────────────────────────────────────────────────────────────╮
│                                                                              │
│                                                                              │
│                         ▄▀▀ ▄▀█ █▀▀ ▀█▀ █▀▄▀█ █▀▀ █▀█                        │
│                         █▀  █▀█ ▄▄█  █  █ ▀ █ █▄▄ █▀▀                        │
│                                                                              │
│                                                                              │
│                                                                              │
│                                FastMCP 3.4.7                                 │
│                            https://gofastmcp.com                             │
│                                                                              │
│                  🖥  Server:      Alpaca MCP Server, 3.4.7                    │
│                  🚀 Deploy free: https://horizon.prefect.io                  │
│                                                                              │
╰──────────────────────────────────────────────────────────────────────────────╯


[08/27/26 15:32:32] INFO     Starting MCP server 'Alpaca MCP    transport.py:241
                             Server' with transport 'stdio'                     


╭──────────────────────────────────────────────────────────────────────────────╮
│                                                                              │
│                                                                              │
│                         ▄▀▀ ▄▀█ █▀▀ ▀█▀ █▀▄▀█ █▀▀ █▀█                        │
│                         █▀  █▀█ ▄▄█  █  █ ▀ █ █▄▄ █▀▀                        │
│                                                                              │
│                                                                              │
│                                                                              │
│                                FastMCP 3.4.7                                 │
│                            https://gofastmcp.com                             │
│                                                                              │
│                  🖥  Server:      Alpaca MCP Server, 3.4.7                    │
│                  🚀 Deploy free: https://horizon.prefect.io                  │
│                                                                              │
╰──────────────────────────────────────────────────────────────────────────────╯


[08/27/26 15:32:52] INFO     Starting MCP server 'Alpaca MCP    transport.py:241
                             Server' with transport 'stdio'                     


╭──────────────────────────────────────────────────────────────────────────────╮
│                                                                              │
│                                                                              │
│                         ▄▀▀ ▄▀█ █▀▀ ▀█▀ █▀▄▀█ █▀▀ █▀█                        │
│                         █▀  █▀█ ▄▄█  █  █ ▀ █ █▄▄ █▀▀                        │
│                                                                              │
│                                                                              │
│                                                                              │
│                                FastMCP 3.4.7                                 │
│                            https://gofastmcp.com                             │
│                                                                              │
│                  🖥  Server:      Alpaca MCP Server, 3.4.7                    │
│                  🚀 Deploy free: https://horizon.prefect.io                  │
│                                                                              │
╰──────────────────────────────────────────────────────────────────────────────╯


[08/27/26 15:33:12] INFO     Starting MCP server 'Alpaca MCP    transport.py:241
                             Server' with transport 'stdio'                     


╭──────────────────────────────────────────────────────────────────────────────╮
│                                                                              │
│                                                                              │
│                         ▄▀▀ ▄▀█ █▀▀ ▀█▀ █▀▄▀█ █▀▀ █▀█                        │
│                         █▀  █▀█ ▄▄█  █  █ ▀ █ █▄▄ █▀▀                        │
│                                                                              │
│                                                                              │
│                                                                              │
│                                FastMCP 3.4.7                                 │
│                            https://gofastmcp.com                             │
│                                                                              │
│                  🖥  Server:      Alpaca MCP Server, 3.4.7                    │
│                  🚀 Deploy free: https://horizon.prefect.io                  │
│                                                                              │
╰──────────────────────────────────────────────────────────────────────────────╯


[08/27/26 15:33:32] INFO     Starting MCP server 'Alpaca MCP    transport.py:241
                             Server' with transport 'stdio'                     


╭──────────────────────────────────────────────────────────────────────────────╮
│                                                                              │
│                                                                              │
│                         ▄▀▀ ▄▀█ █▀▀ ▀█▀ █▀▄▀█ █▀▀ █▀█                        │
│                         █▀  █▀█ ▄▄█  █  █ ▀ █ █▄▄ █▀▀                        │
│                                                                              │
│                                                                              │
│                                                                              │
│                                FastMCP 3.4.7                                 │
│                            https://gofastmcp.com                             │
│                                                                              │
│                  🖥  Server:      Alpaca MCP Server, 3.4.7                    │
│                  🚀 Deploy free: https://horizon.prefect.io                  │
│                                                                              │
╰──────────────────────────────────────────────────────────────────────────────╯


[08/27/26 15:33:52] INFO     Starting MCP server 'Alpaca MCP    transport.py:241
                             Server' with transport 'stdio'                     


╭──────────────────────────────────────────────────────────────────────────────╮
│                                                                              │
│                                                                              │
│                         ▄▀▀ ▄▀█ █▀▀ ▀█▀ █▀▄▀█ █▀▀ █▀█                        │
│                         █▀  █▀█ ▄▄█  █  █ ▀ █ █▄▄ █▀▀                        │
│                                                                              │
│                                                                              │
│                                                                              │
│                                FastMCP 3.4.7                                 │
│                            https://gofastmcp.com                             │
│                                                                              │
│                  🖥  Server:      Alpaca MCP Server, 3.4.7                    │
│                  🚀 Deploy free: https://horizon.prefect.io                  │
│                                                                              │
╰──────────────────────────────────────────────────────────────────────────────╯


[08/27/26 15:34:12] INFO     Starting MCP server 'Alpaca MCP    transport.py:241
                             Server' with transport 'stdio'                     


╭──────────────────────────────────────────────────────────────────────────────╮
│                                                                              │
│                                                                              │
│                         ▄▀▀ ▄▀█ █▀▀ ▀█▀ █▀▄▀█ █▀▀ █▀█                        │
│                         █▀  █▀█ ▄▄█  █  █ ▀ █ █▄▄ █▀▀                        │
│                                                                              │
│                                                                              │
│                                                                              │
│                                FastMCP 3.4.7                                 │
│                            https://gofastmcp.com                             │
│                                                                              │
│                  🖥  Server:      Alpaca MCP Server, 3.4.7                    │
│                  🚀 Deploy free: https://horizon.prefect.io                  │
│                                                                              │
╰──────────────────────────────────────────────────────────────────────────────╯


[08/27/26 15:34:32] INFO     Starting MCP server 'Alpaca MCP    transport.py:241
                             Server' with transport 'stdio'                     


╭──────────────────────────────────────────────────────────────────────────────╮
│                                                                              │
│                                                                              │
│                         ▄▀▀ ▄▀█ █▀▀ ▀█▀ █▀▄▀█ █▀▀ █▀█                        │
│                         █▀  █▀█ ▄▄█  █  █ ▀ █ █▄▄ █▀▀                        │
│                                                                              │
│                                                                              │
│                                                                              │
│                                FastMCP 3.4.7                                 │
│                            https://gofastmcp.com                             │
│                                                                              │
│                  🖥  Server:      Alpaca MCP Server, 3.4.7                    │
│                  🚀 Deploy free: https://horizon.prefect.io                  │
│                                                                              │
╰──────────────────────────────────────────────────────────────────────────────╯


[08/27/26 15:34:52] INFO     Starting MCP server 'Alpaca MCP    transport.py:241
                             Server' with transport 'stdio'                     


╭──────────────────────────────────────────────────────────────────────────────╮
│                                                                              │
│                                                                              │
│                         ▄▀▀ ▄▀█ █▀▀ ▀█▀ █▀▄▀█ █▀▀ █▀█                        │
│                         █▀  █▀█ ▄▄█  █  █ ▀ █ █▄▄ █▀▀                        │
│                                                                              │
│                                                                              │
│                                                                              │
│                                FastMCP 3.4.7                                 │
│                            https://gofastmcp.com                             │
│                                                                              │
│                  🖥  Server:      Alpaca MCP Server, 3.4.7                    │
│                  🚀 Deploy free: https://horizon.prefect.io                  │
│                                                                              │
╰──────────────────────────────────────────────────────────────────────────────╯


[08/27/26 15:35:12] INFO     Starting MCP server 'Alpaca MCP    transport.py:241
                             Server' with transport 'stdio'                     


╭──────────────────────────────────────────────────────────────────────────────╮
│                                                                              │
│                                                                              │
│                         ▄▀▀ ▄▀█ █▀▀ ▀█▀ █▀▄▀█ █▀▀ █▀█                        │
│                         █▀  █▀█ ▄▄█  █  █ ▀ █ █▄▄ █▀▀                        │
│                                                                              │
│                                                                              │
│                                                                              │
│                                FastMCP 3.4.7                                 │
│                            https://gofastmcp.com                             │
│                                                                              │
│                  🖥  Server:      Alpaca MCP Server, 3.4.7                    │
│                  🚀 Deploy free: https://horizon.prefect.io                  │
│                                                                              │
╰──────────────────────────────────────────────────────────────────────────────╯


[08/27/26 15:35:32] INFO     Starting MCP server 'Alpaca MCP    transport.py:241
                             Server' with transport 'stdio'                     


╭──────────────────────────────────────────────────────────────────────────────╮
│                                                                              │
│                                                                              │
│                         ▄▀▀ ▄▀█ █▀▀ ▀█▀ █▀▄▀█ █▀▀ █▀█                        │
│                         █▀  █▀█ ▄▄█  █  █ ▀ █ █▄▄ █▀▀                        │
│                                                                              │
│                                                                              │
│                                                                              │
│                                FastMCP 3.4.7                                 │
│                            https://gofastmcp.com                             │
│                                                                              │
│                  🖥  Server:      Alpaca MCP Server, 3.4.7                    │
│                  🚀 Deploy free: https://horizon.prefect.io                  │
│                                                                              │
╰──────────────────────────────────────────────────────────────────────────────╯


[08/27/26 15:35:52] INFO     Starting MCP server 'Alpaca MCP    transport.py:241
                             Server' with transport 'stdio'                     


╭──────────────────────────────────────────────────────────────────────────────╮
│                                                                              │
│                                                                              │
│                         ▄▀▀ ▄▀█ █▀▀ ▀█▀ █▀▄▀█ █▀▀ █▀█                        │
│                         █▀  █▀█ ▄▄█  █  █ ▀ █ █▄▄ █▀▀                        │
│                                                                              │
│                                                                              │
│                                                                              │
│                                FastMCP 3.4.7                                 │
│                            https://gofastmcp.com                             │
│                                                                              │
│                  🖥  Server:      Alpaca MCP Server, 3.4.7                    │
│                  🚀 Deploy free: https://horizon.prefect.io                  │
│                                                                              │
╰──────────────────────────────────────────────────────────────────────────────╯


[08/27/26 15:36:12] INFO     Starting MCP server 'Alpaca MCP    transport.py:241
                             Server' with transport 'stdio'                     


╭──────────────────────────────────────────────────────────────────────────────╮
│                                                                              │
│                                                                              │
│                         ▄▀▀ ▄▀█ █▀▀ ▀█▀ █▀▄▀█ █▀▀ █▀█                        │
│                         █▀  █▀█ ▄▄█  █  █ ▀ █ █▄▄ █▀▀                        │
│                                                                              │
│                                                                              │
│                                                                              │
│                                FastMCP 3.4.7                                 │
│                            https://gofastmcp.com                             │
│                                                                              │
│                  🖥  Server:      Alpaca MCP Server, 3.4.7                    │
│                  🚀 Deploy free: https://horizon.prefect.io                  │
│                                                                              │
╰──────────────────────────────────────────────────────────────────────────────╯


[08/27/26 15:36:32] INFO     Starting MCP server 'Alpaca MCP    transport.py:241
                             Server' with transport 'stdio'                     


╭──────────────────────────────────────────────────────────────────────────────╮
│                                                                              │
│                                                                              │
│                         ▄▀▀ ▄▀█ █▀▀ ▀█▀ █▀▄▀█ █▀▀ █▀█                        │
│                         █▀  █▀█ ▄▄█  █  █ ▀ █ █▄▄ █▀▀                        │
│                                                                              │
│                                                                              │
│                                                                              │
│                                FastMCP 3.4.7                                 │
│                            https://gofastmcp.com                             │
│                                                                              │
│                  🖥  Server:      Alpaca MCP Server, 3.4.7                    │
│                  🚀 Deploy free: https://horizon.prefect.io                  │
│                                                                              │
╰──────────────────────────────────────────────────────────────────────────────╯


[08/27/26 15:36:52] INFO     Starting MCP server 'Alpaca MCP    transport.py:241
                             Server' with transport 'stdio'                     


╭──────────────────────────────────────────────────────────────────────────────╮
│                                                                              │
│                                                                              │
│                         ▄▀▀ ▄▀█ █▀▀ ▀█▀ █▀▄▀█ █▀▀ █▀█                        │
│                         █▀  █▀█ ▄▄█  █  █ ▀ █ █▄▄ █▀▀                        │
│                                                                              │
│                                                                              │
│                                                                              │
│                                FastMCP 3.4.7                                 │
│                            https://gofastmcp.com                             │
│                                                                              │
│                  🖥  Server:      Alpaca MCP Server, 3.4.7                    │
│                  🚀 Deploy free: https://horizon.prefect.io                  │
│                                                                              │
╰──────────────────────────────────────────────────────────────────────────────╯


[08/27/26 15:37:12] INFO     Starting MCP server 'Alpaca MCP    transport.py:241
                             Server' with transport 'stdio'                     


╭──────────────────────────────────────────────────────────────────────────────╮
│                                                                              │
│                                                                              │
│                         ▄▀▀ ▄▀█ █▀▀ ▀█▀ █▀▄▀█ █▀▀ █▀█                        │
│                         █▀  █▀█ ▄▄█  █  █ ▀ █ █▄▄ █▀▀                        │
│                                                                              │
│                                                                              │
│                                                                              │
│                                FastMCP 3.4.7                                 │
│                            https://gofastmcp.com                             │
│                                                                              │
│                  🖥  Server:      Alpaca MCP Server, 3.4.7                    │
│                  🚀 Deploy free: https://horizon.prefect.io                  │
│                                                                              │
╰──────────────────────────────────────────────────────────────────────────────╯


[08/27/26 15:37:32] INFO     Starting MCP server 'Alpaca MCP    transport.py:241
                             Server' with transport 'stdio'                     


╭──────────────────────────────────────────────────────────────────────────────╮
│                                                                              │
│                                                                              │
│                         ▄▀▀ ▄▀█ █▀▀ ▀█▀ █▀▄▀█ █▀▀ █▀█                        │
│                         █▀  █▀█ ▄▄█  █  █ ▀ █ █▄▄ █▀▀                        │
│                                                                              │
│                                                                              │
│                                                                              │
│                                FastMCP 3.4.7                                 │
│                            https://gofastmcp.com                             │
│                                                                              │
│                  🖥  Server:      Alpaca MCP Server, 3.4.7                    │
│                  🚀 Deploy free: https://horizon.prefect.io                  │
│                                                                              │
╰──────────────────────────────────────────────────────────────────────────────╯


[08/27/26 15:37:52] INFO     Starting MCP server 'Alpaca MCP    transport.py:241
                             Server' with transport 'stdio'                     


╭──────────────────────────────────────────────────────────────────────────────╮
│                                                                              │
│                                                                              │
│                         ▄▀▀ ▄▀█ █▀▀ ▀█▀ █▀▄▀█ █▀▀ █▀█                        │
│                         █▀  █▀█ ▄▄█  █  █ ▀ █ █▄▄ █▀▀                        │
│                                                                              │
│                                                                              │
│                                                                              │
│                                FastMCP 3.4.7                                 │
│                            https://gofastmcp.com                             │
│                                                                              │
│                  🖥  Server:      Alpaca MCP Server, 3.4.7                    │
│                  🚀 Deploy free: https://horizon.prefect.io                  │
│                                                                              │
╰──────────────────────────────────────────────────────────────────────────────╯


[08/27/26 15:38:12] INFO     Starting MCP server 'Alpaca MCP    transport.py:241
                             Server' with transport 'stdio'                     


╭──────────────────────────────────────────────────────────────────────────────╮
│                                                                              │
│                                                                              │
│                         ▄▀▀ ▄▀█ █▀▀ ▀█▀ █▀▄▀█ █▀▀ █▀█                        │
│                         █▀  █▀█ ▄▄█  █  █ ▀ █ █▄▄ █▀▀                        │
│                                                                              │
│                                                                              │
│                                                                              │
│                                FastMCP 3.4.7                                 │
│                            https://gofastmcp.com                             │
│                                                                              │
│                  🖥  Server:      Alpaca MCP Server, 3.4.7                    │
│                  🚀 Deploy free: https://horizon.prefect.io                  │
│                                                                              │
╰──────────────────────────────────────────────────────────────────────────────╯


[08/27/26 15:38:32] INFO     Starting MCP server 'Alpaca MCP    transport.py:241
                             Server' with transport 'stdio'                     


╭──────────────────────────────────────────────────────────────────────────────╮
│                                                                              │
│                                                                              │
│                         ▄▀▀ ▄▀█ █▀▀ ▀█▀ █▀▄▀█ █▀▀ █▀█                        │
│                         █▀  █▀█ ▄▄█  █  █ ▀ █ █▄▄ █▀▀                        │
│                                                                              │
│                                                                              │
│                                                                              │
│                                FastMCP 3.4.7                                 │
│                            https://gofastmcp.com                             │
│                                                                              │
│                  🖥  Server:      Alpaca MCP Server, 3.4.7                    │
│                  🚀 Deploy free: https://horizon.prefect.io                  │
│                                                                              │
╰──────────────────────────────────────────────────────────────────────────────╯


[08/27/26 15:38:52] INFO     Starting MCP server 'Alpaca MCP    transport.py:241
                             Server' with transport 'stdio'                     


╭──────────────────────────────────────────────────────────────────────────────╮
│                                                                              │
│                                                                              │
│                         ▄▀▀ ▄▀█ █▀▀ ▀█▀ █▀▄▀█ █▀▀ █▀█                        │
│                         █▀  █▀█ ▄▄█  █  █ ▀ █ █▄▄ █▀▀                        │
│                                                                              │
│                                                                              │
│                                                                              │
│                                FastMCP 3.4.7                                 │
│                            https://gofastmcp.com                             │
│                                                                              │
│                  🖥  Server:      Alpaca MCP Server, 3.4.7                    │
│                  🚀 Deploy free: https://horizon.prefect.io                  │
│                                                                              │
╰──────────────────────────────────────────────────────────────────────────────╯


[08/27/26 15:39:12] INFO     Starting MCP server 'Alpaca MCP    transport.py:241
                             Server' with transport 'stdio'                     


╭──────────────────────────────────────────────────────────────────────────────╮
│                                                                              │
│                                                                              │
│                         ▄▀▀ ▄▀█ █▀▀ ▀█▀ █▀▄▀█ █▀▀ █▀█                        │
│                         █▀  █▀█ ▄▄█  █  █ ▀ █ █▄▄ █▀▀                        │
│                                                                              │
│                                                                              │
│                                                                              │
│                                FastMCP 3.4.7                                 │
│                            https://gofastmcp.com                             │
│                                                                              │
│                  🖥  Server:      Alpaca MCP Server, 3.4.7                    │
│                  🚀 Deploy free: https://horizon.prefect.io                  │
│                                                                              │
╰──────────────────────────────────────────────────────────────────────────────╯


[08/27/26 15:39:32] INFO     Starting MCP server 'Alpaca MCP    transport.py:241
                             Server' with transport 'stdio'                     


╭──────────────────────────────────────────────────────────────────────────────╮
│                                                                              │
│                                                                              │
│                         ▄▀▀ ▄▀█ █▀▀ ▀█▀ █▀▄▀█ █▀▀ █▀█                        │
│                         █▀  █▀█ ▄▄█  █  █ ▀ █ █▄▄ █▀▀                        │
│                                                                              │
│                                                                              │
│                                                                              │
│                                FastMCP 3.4.7                                 │
│                            https://gofastmcp.com                             │
│                                                                              │
│                  🖥  Server:      Alpaca MCP Server, 3.4.7                    │
│                  🚀 Deploy free: https://horizon.prefect.io                  │
│                                                                              │
╰──────────────────────────────────────────────────────────────────────────────╯


[08/27/26 15:39:52] INFO     Starting MCP server 'Alpaca MCP    transport.py:241
                             Server' with transport 'stdio'                     


╭──────────────────────────────────────────────────────────────────────────────╮
│                                                                              │
│                                                                              │
│                         ▄▀▀ ▄▀█ █▀▀ ▀█▀ █▀▄▀█ █▀▀ █▀█                        │
│                         █▀  █▀█ ▄▄█  █  █ ▀ █ █▄▄ █▀▀                        │
│                                                                              │
│                                                                              │
│                                                                              │
│                                FastMCP 3.4.7                                 │
│                            https://gofastmcp.com                             │
│                                                                              │
│                  🖥  Server:      Alpaca MCP Server, 3.4.7                    │
│                  🚀 Deploy free: https://horizon.prefect.io                  │
│                                                                              │
╰──────────────────────────────────────────────────────────────────────────────╯


[08/27/26 15:40:12] INFO     Starting MCP server 'Alpaca MCP    transport.py:241
                             Server' with transport 'stdio'                     


╭──────────────────────────────────────────────────────────────────────────────╮
│                                                                              │
│                                                                              │
│                         ▄▀▀ ▄▀█ █▀▀ ▀█▀ █▀▄▀█ █▀▀ █▀█                        │
│                         █▀  █▀█ ▄▄█  █  █ ▀ █ █▄▄ █▀▀                        │
│                                                                              │
│                                                                              │
│                                                                              │
│                                FastMCP 3.4.7                                 │
│                            https://gofastmcp.com                             │
│                                                                              │
│                  🖥  Server:      Alpaca MCP Server, 3.4.7                    │
│                  🚀 Deploy free: https://horizon.prefect.io                  │
│                                                                              │
╰──────────────────────────────────────────────────────────────────────────────╯


[08/27/26 15:40:32] INFO     Starting MCP server 'Alpaca MCP    transport.py:241
                             Server' with transport 'stdio'                     


╭──────────────────────────────────────────────────────────────────────────────╮
│                                                                              │
│                                                                              │
│                         ▄▀▀ ▄▀█ █▀▀ ▀█▀ █▀▄▀█ █▀▀ █▀█                        │
│                         █▀  █▀█ ▄▄█  █  █ ▀ █ █▄▄ █▀▀                        │
│                                                                              │
│                                                                              │
│                                                                              │
│                                FastMCP 3.4.7                                 │
│                            https://gofastmcp.com                             │
│                                                                              │
│                  🖥  Server:      Alpaca MCP Server, 3.4.7                    │
│                  🚀 Deploy free: https://horizon.prefect.io                  │
│                                                                              │
╰──────────────────────────────────────────────────────────────────────────────╯


[08/27/26 15:40:52] INFO     Starting MCP server 'Alpaca MCP    transport.py:241
                             Server' with transport 'stdio'                     


╭──────────────────────────────────────────────────────────────────────────────╮
│                                                                              │
│                                                                              │
│                         ▄▀▀ ▄▀█ █▀▀ ▀█▀ █▀▄▀█ █▀▀ █▀█                        │
│                         █▀  █▀█ ▄▄█  █  █ ▀ █ █▄▄ █▀▀                        │
│                                                                              │
│                                                                              │
│                                                                              │
│                                FastMCP 3.4.7                                 │
│                            https://gofastmcp.com                             │
│                                                                              │
│                  🖥  Server:      Alpaca MCP Server, 3.4.7                    │
│                  🚀 Deploy free: https://horizon.prefect.io                  │
│                                                                              │
╰──────────────────────────────────────────────────────────────────────────────╯


[08/27/26 15:41:12] INFO     Starting MCP server 'Alpaca MCP    transport.py:241
                             Server' with transport 'stdio'                     


╭──────────────────────────────────────────────────────────────────────────────╮
│                                                                              │
│                                                                              │
│                         ▄▀▀ ▄▀█ █▀▀ ▀█▀ █▀▄▀█ █▀▀ █▀█                        │
│                         █▀  █▀█ ▄▄█  █  █ ▀ █ █▄▄ █▀▀                        │
│                                                                              │
│                                                                              │
│                                                                              │
│                                FastMCP 3.4.7                                 │
│                            https://gofastmcp.com                             │
│                                                                              │
│                  🖥  Server:      Alpaca MCP Server, 3.4.7                    │
│                  🚀 Deploy free: https://horizon.prefect.io                  │
│                                                                              │
╰──────────────────────────────────────────────────────────────────────────────╯


[08/27/26 15:41:32] INFO     Starting MCP server 'Alpaca MCP    transport.py:241
                             Server' with transport 'stdio'                     


╭──────────────────────────────────────────────────────────────────────────────╮
│                                                                              │
│                                                                              │
│                         ▄▀▀ ▄▀█ █▀▀ ▀█▀ █▀▄▀█ █▀▀ █▀█                        │
│                         █▀  █▀█ ▄▄█  █  █ ▀ █ █▄▄ █▀▀                        │
│                                                                              │
│                                                                              │
│                                                                              │
│                                FastMCP 3.4.7                                 │
│                            https://gofastmcp.com                             │
│                                                                              │
│                  🖥  Server:      Alpaca MCP Server, 3.4.7                    │
│                  🚀 Deploy free: https://horizon.prefect.io                  │
│                                                                              │
╰──────────────────────────────────────────────────────────────────────────────╯


[08/27/26 15:41:52] INFO     Starting MCP server 'Alpaca MCP    transport.py:241
                             Server' with transport 'stdio'                     


╭──────────────────────────────────────────────────────────────────────────────╮
│                                                                              │
│                                                                              │
│                         ▄▀▀ ▄▀█ █▀▀ ▀█▀ █▀▄▀█ █▀▀ █▀█                        │
│                         █▀  █▀█ ▄▄█  █  █ ▀ █ █▄▄ █▀▀                        │
│                                                                              │
│                                                                              │
│                                                                              │
│                                FastMCP 3.4.7                                 │
│                            https://gofastmcp.com                             │
│                                                                              │
│                  🖥  Server:      Alpaca MCP Server, 3.4.7                    │
│                  🚀 Deploy free: https://horizon.prefect.io                  │
│                                                                              │
╰──────────────────────────────────────────────────────────────────────────────╯


[08/27/26 15:42:12] INFO     Starting MCP server 'Alpaca MCP    transport.py:241
                             Server' with transport 'stdio'                     


╭──────────────────────────────────────────────────────────────────────────────╮
│                                                                              │
│                                                                              │
│                         ▄▀▀ ▄▀█ █▀▀ ▀█▀ █▀▄▀█ █▀▀ █▀█                        │
│                         █▀  █▀█ ▄▄█  █  █ ▀ █ █▄▄ █▀▀                        │
│                                                                              │
│                                                                              │
│                                                                              │
│                                FastMCP 3.4.7                                 │
│                            https://gofastmcp.com                             │
│                                                                              │
│                  🖥  Server:      Alpaca MCP Server, 3.4.7                    │
│                  🚀 Deploy free: https://horizon.prefect.io                  │
│                                                                              │
╰──────────────────────────────────────────────────────────────────────────────╯


[08/27/26 15:42:32] INFO     Starting MCP server 'Alpaca MCP    transport.py:241
                             Server' with transport 'stdio'                     


╭──────────────────────────────────────────────────────────────────────────────╮
│                                                                              │
│                                                                              │
│                         ▄▀▀ ▄▀█ █▀▀ ▀█▀ █▀▄▀█ █▀▀ █▀█                        │
│                         █▀  █▀█ ▄▄█  █  █ ▀ █ █▄▄ █▀▀                        │
│                                                                              │
│                                                                              │
│                                                                              │
│                                FastMCP 3.4.7                                 │
│                            https://gofastmcp.com                             │
│                                                                              │
│                  🖥  Server:      Alpaca MCP Server, 3.4.7                    │
│                  🚀 Deploy free: https://horizon.prefect.io                  │
│                                                                              │
╰──────────────────────────────────────────────────────────────────────────────╯


[08/27/26 15:42:52] INFO     Starting MCP server 'Alpaca MCP    transport.py:241
                             Server' with transport 'stdio'                     


╭──────────────────────────────────────────────────────────────────────────────╮
│                                                                              │
│                                                                              │
│                         ▄▀▀ ▄▀█ █▀▀ ▀█▀ █▀▄▀█ █▀▀ █▀█                        │
│                         █▀  █▀█ ▄▄█  █  █ ▀ █ █▄▄ █▀▀                        │
│                                                                              │
│                                                                              │
│                                                                              │
│                                FastMCP 3.4.7                                 │
│                            https://gofastmcp.com                             │
│                                                                              │
│                  🖥  Server:      Alpaca MCP Server, 3.4.7                    │
│                  🚀 Deploy free: https://horizon.prefect.io                  │
│                                                                              │
╰──────────────────────────────────────────────────────────────────────────────╯


[08/27/26 15:43:12] INFO     Starting MCP server 'Alpaca MCP    transport.py:241
                             Server' with transport 'stdio'                     


╭──────────────────────────────────────────────────────────────────────────────╮
│                                                                              │
│                                                                              │
│                         ▄▀▀ ▄▀█ █▀▀ ▀█▀ █▀▄▀█ █▀▀ █▀█                        │
│                         █▀  █▀█ ▄▄█  █  █ ▀ █ █▄▄ █▀▀                        │
│                                                                              │
│                                                                              │
│                                                                              │
│                                FastMCP 3.4.7                                 │
│                            https://gofastmcp.com                             │
│                                                                              │
│                  🖥  Server:      Alpaca MCP Server, 3.4.7                    │
│                  🚀 Deploy free: https://horizon.prefect.io                  │
│                                                                              │
╰──────────────────────────────────────────────────────────────────────────────╯


[08/27/26 15:43:32] INFO     Starting MCP server 'Alpaca MCP    transport.py:241
                             Server' with transport 'stdio'                     


╭──────────────────────────────────────────────────────────────────────────────╮
│                                                                              │
│                                                                              │
│                         ▄▀▀ ▄▀█ █▀▀ ▀█▀ █▀▄▀█ █▀▀ █▀█                        │
│                         █▀  █▀█ ▄▄█  █  █ ▀ █ █▄▄ █▀▀                        │
│                                                                              │
│                                                                              │
│                                                                              │
│                                FastMCP 3.4.7                                 │
│                            https://gofastmcp.com                             │
│                                                                              │
│                  🖥  Server:      Alpaca MCP Server, 3.4.7                    │
│                  🚀 Deploy free: https://horizon.prefect.io                  │
│                                                                              │
╰──────────────────────────────────────────────────────────────────────────────╯


[08/27/26 15:43:52] INFO     Starting MCP server 'Alpaca MCP    transport.py:241
                             Server' with transport 'stdio'                     


╭──────────────────────────────────────────────────────────────────────────────╮
│                                                                              │
│                                                                              │
│                         ▄▀▀ ▄▀█ █▀▀ ▀█▀ █▀▄▀█ █▀▀ █▀█                        │
│                         █▀  █▀█ ▄▄█  █  █ ▀ █ █▄▄ █▀▀                        │
│                                                                              │
│                                                                              │
│                                                                              │
│                                FastMCP 3.4.7                                 │
│                            https://gofastmcp.com                             │
│                                                                              │
│                  🖥  Server:      Alpaca MCP Server, 3.4.7                    │
│                  🚀 Deploy free: https://horizon.prefect.io                  │
│                                                                              │
╰──────────────────────────────────────────────────────────────────────────────╯


[08/27/26 15:44:12] INFO     Starting MCP server 'Alpaca MCP    transport.py:241
                             Server' with transport 'stdio'                     


╭──────────────────────────────────────────────────────────────────────────────╮
│                                                                              │
│                                                                              │
│                         ▄▀▀ ▄▀█ █▀▀ ▀█▀ █▀▄▀█ █▀▀ █▀█                        │
│                         █▀  █▀█ ▄▄█  █  █ ▀ █ █▄▄ █▀▀                        │
│                                                                              │
│                                                                              │
│                                                                              │
│                                FastMCP 3.4.7                                 │
│                            https://gofastmcp.com                             │
│                                                                              │
│                  🖥  Server:      Alpaca MCP Server, 3.4.7                    │
│                  🚀 Deploy free: https://horizon.prefect.io                  │
│                                                                              │
╰──────────────────────────────────────────────────────────────────────────────╯


[08/27/26 15:44:32] INFO     Starting MCP server 'Alpaca MCP    transport.py:241
                             Server' with transport 'stdio'                     


╭──────────────────────────────────────────────────────────────────────────────╮
│                                                                              │
│                                                                              │
│                         ▄▀▀ ▄▀█ █▀▀ ▀█▀ █▀▄▀█ █▀▀ █▀█                        │
│                         █▀  █▀█ ▄▄█  █  █ ▀ █ █▄▄ █▀▀                        │
│                                                                              │
│                                                                              │
│                                                                              │
│                                FastMCP 3.4.7                                 │
│                            https://gofastmcp.com                             │
│                                                                              │
│                  🖥  Server:      Alpaca MCP Server, 3.4.7                    │
│                  🚀 Deploy free: https://horizon.prefect.io                  │
│                                                                              │
╰──────────────────────────────────────────────────────────────────────────────╯


[08/27/26 15:44:52] INFO     Starting MCP server 'Alpaca MCP    transport.py:241
                             Server' with transport 'stdio'                     


╭──────────────────────────────────────────────────────────────────────────────╮
│                                                                              │
│                                                                              │
│                         ▄▀▀ ▄▀█ █▀▀ ▀█▀ █▀▄▀█ █▀▀ █▀█                        │
│                         █▀  █▀█ ▄▄█  █  █ ▀ █ █▄▄ █▀▀                        │
│                                                                              │
│                                                                              │
│                                                                              │
│                                FastMCP 3.4.7                                 │
│                            https://gofastmcp.com                             │
│                                                                              │
│                  🖥  Server:      Alpaca MCP Server, 3.4.7                    │
│                  🚀 Deploy free: https://horizon.prefect.io                  │
│                                                                              │
╰──────────────────────────────────────────────────────────────────────────────╯


[08/27/26 15:45:12] INFO     Starting MCP server 'Alpaca MCP    transport.py:241
                             Server' with transport 'stdio'                     


╭──────────────────────────────────────────────────────────────────────────────╮
│                                                                              │
│                                                                              │
│                         ▄▀▀ ▄▀█ █▀▀ ▀█▀ █▀▄▀█ █▀▀ █▀█                        │
│                         █▀  █▀█ ▄▄█  █  █ ▀ █ █▄▄ █▀▀                        │
│                                                                              │
│                                                                              │
│                                                                              │
│                                FastMCP 3.4.7                                 │
│                            https://gofastmcp.com                             │
│                                                                              │
│                  🖥  Server:      Alpaca MCP Server, 3.4.7                    │
│                  🚀 Deploy free: https://horizon.prefect.io                  │
│                                                                              │
╰──────────────────────────────────────────────────────────────────────────────╯


[08/27/26 15:45:32] INFO     Starting MCP server 'Alpaca MCP    transport.py:241
                             Server' with transport 'stdio'                     


╭──────────────────────────────────────────────────────────────────────────────╮
│                                                                              │
│                                                                              │
│                         ▄▀▀ ▄▀█ █▀▀ ▀█▀ █▀▄▀█ █▀▀ █▀█                        │
│                         █▀  █▀█ ▄▄█  █  █ ▀ █ █▄▄ █▀▀                        │
│                                                                              │
│                                                                              │
│                                                                              │
│                                FastMCP 3.4.7                                 │
│                            https://gofastmcp.com                             │
│                                                                              │
│                  🖥  Server:      Alpaca MCP Server, 3.4.7                    │
│                  🚀 Deploy free: https://horizon.prefect.io                  │
│                                                                              │
╰──────────────────────────────────────────────────────────────────────────────╯


[08/27/26 15:45:52] INFO     Starting MCP server 'Alpaca MCP    transport.py:241
                             Server' with transport 'stdio'                     


╭──────────────────────────────────────────────────────────────────────────────╮
│                                                                              │
│                                                                              │
│                         ▄▀▀ ▄▀█ █▀▀ ▀█▀ █▀▄▀█ █▀▀ █▀█                        │
│                         █▀  █▀█ ▄▄█  █  █ ▀ █ █▄▄ █▀▀                        │
│                                                                              │
│                                                                              │
│                                                                              │
│                                FastMCP 3.4.7                                 │
│                            https://gofastmcp.com                             │
│                                                                              │
│                  🖥  Server:      Alpaca MCP Server, 3.4.7                    │
│                  🚀 Deploy free: https://horizon.prefect.io                  │
│                                                                              │
╰──────────────────────────────────────────────────────────────────────────────╯


[08/27/26 15:45:55] INFO     Starting MCP server 'Alpaca MCP    transport.py:241
                             Server' with transport 'stdio'                     


╭──────────────────────────────────────────────────────────────────────────────╮
│                                                                              │
│                                                                              │
│                         ▄▀▀ ▄▀█ █▀▀ ▀█▀ █▀▄▀█ █▀▀ █▀█                        │
│                         █▀  █▀█ ▄▄█  █  █ ▀ █ █▄▄ █▀▀                        │
│                                                                              │
│                                                                              │
│                                                                              │
│                                FastMCP 3.4.7                                 │
│                            https://gofastmcp.com                             │
│                                                                              │
│                  🖥  Server:      Alpaca MCP Server, 3.4.7                    │
│                  🚀 Deploy free: https://horizon.prefect.io                  │
│                                                                              │
╰──────────────────────────────────────────────────────────────────────────────╯


[08/27/26 15:46:12] INFO     Starting MCP server 'Alpaca MCP    transport.py:241
                             Server' with transport 'stdio'                     


╭──────────────────────────────────────────────────────────────────────────────╮
│                                                                              │
│                                                                              │
│                         ▄▀▀ ▄▀█ █▀▀ ▀█▀ █▀▄▀█ █▀▀ █▀█                        │
│                         █▀  █▀█ ▄▄█  █  █ ▀ █ █▄▄ █▀▀                        │
│                                                                              │
│                                                                              │
│                                                                              │
│                                FastMCP 3.4.7                                 │
│                            https://gofastmcp.com                             │
│                                                                              │
│                  🖥  Server:      Alpaca MCP Server, 3.4.7                    │
│                  🚀 Deploy free: https://horizon.prefect.io                  │
│                                                                              │
╰──────────────────────────────────────────────────────────────────────────────╯


[08/27/26 15:46:32] INFO     Starting MCP server 'Alpaca MCP    transport.py:241
                             Server' with transport 'stdio'                     


╭──────────────────────────────────────────────────────────────────────────────╮
│                                                                              │
│                                                                              │
│                         ▄▀▀ ▄▀█ █▀▀ ▀█▀ █▀▄▀█ █▀▀ █▀█                        │
│                         █▀  █▀█ ▄▄█  █  █ ▀ █ █▄▄ █▀▀                        │
│                                                                              │
│                                                                              │
│                                                                              │
│                                FastMCP 3.4.7                                 │
│                            https://gofastmcp.com                             │
│                                                                              │
│                  🖥  Server:      Alpaca MCP Server, 3.4.7                    │
│                  🚀 Deploy free: https://horizon.prefect.io                  │
│                                                                              │
╰──────────────────────────────────────────────────────────────────────────────╯


[08/27/26 15:46:52] INFO     Starting MCP server 'Alpaca MCP    transport.py:241
                             Server' with transport 'stdio'                     


╭──────────────────────────────────────────────────────────────────────────────╮
│                                                                              │
│                                                                              │
│                         ▄▀▀ ▄▀█ █▀▀ ▀█▀ █▀▄▀█ █▀▀ █▀█                        │
│                         █▀  █▀█ ▄▄█  █  █ ▀ █ █▄▄ █▀▀                        │
│                                                                              │
│                                                                              │
│                                                                              │
│                                FastMCP 3.4.7                                 │
│                            https://gofastmcp.com                             │
│                                                                              │
│                  🖥  Server:      Alpaca MCP Server, 3.4.7                    │
│                  🚀 Deploy free: https://horizon.prefect.io                  │
│                                                                              │
╰──────────────────────────────────────────────────────────────────────────────╯


[08/27/26 15:47:12] INFO     Starting MCP server 'Alpaca MCP    transport.py:241
                             Server' with transport 'stdio'                     


╭──────────────────────────────────────────────────────────────────────────────╮
│                                                                              │
│                                                                              │
│                         ▄▀▀ ▄▀█ █▀▀ ▀█▀ █▀▄▀█ █▀▀ █▀█                        │
│                         █▀  █▀█ ▄▄█  █  █ ▀ █ █▄▄ █▀▀                        │
│                                                                              │
│                                                                              │
│                                                                              │
│                                FastMCP 3.4.7                                 │
│                            https://gofastmcp.com                             │
│                                                                              │
│                  🖥  Server:      Alpaca MCP Server, 3.4.7                    │
│                  🚀 Deploy free: https://horizon.prefect.io                  │
│                                                                              │
╰──────────────────────────────────────────────────────────────────────────────╯


[08/27/26 15:47:32] INFO     Starting MCP server 'Alpaca MCP    transport.py:241
                             Server' with transport 'stdio'                     


╭──────────────────────────────────────────────────────────────────────────────╮
│                                                                              │
│                                                                              │
│                         ▄▀▀ ▄▀█ █▀▀ ▀█▀ █▀▄▀█ █▀▀ █▀█                        │
│                         █▀  █▀█ ▄▄█  █  █ ▀ █ █▄▄ █▀▀                        │
│                                                                              │
│                                                                              │
│                                                                              │
│                                FastMCP 3.4.7                                 │
│                            https://gofastmcp.com                             │
│                                                                              │
│                  🖥  Server:      Alpaca MCP Server, 3.4.7                    │
│                  🚀 Deploy free: https://horizon.prefect.io                  │
│                                                                              │
╰──────────────────────────────────────────────────────────────────────────────╯


[08/27/26 15:47:52] INFO     Starting MCP server 'Alpaca MCP    transport.py:241
                             Server' with transport 'stdio'                     


╭──────────────────────────────────────────────────────────────────────────────╮
│                                                                              │
│                                                                              │
│                         ▄▀▀ ▄▀█ █▀▀ ▀█▀ █▀▄▀█ █▀▀ █▀█                        │
│                         █▀  █▀█ ▄▄█  █  █ ▀ █ █▄▄ █▀▀                        │
│                                                                              │
│                                                                              │
│                                                                              │
│                                FastMCP 3.4.7                                 │
│                            https://gofastmcp.com                             │
│                                                                              │
│                  🖥  Server:      Alpaca MCP Server, 3.4.7                    │
│                  🚀 Deploy free: https://horizon.prefect.io                  │
│                                                                              │
╰──────────────────────────────────────────────────────────────────────────────╯


[08/27/26 15:48:12] INFO     Starting MCP server 'Alpaca MCP    transport.py:241
                             Server' with transport 'stdio'                     


╭──────────────────────────────────────────────────────────────────────────────╮
│                                                                              │
│                                                                              │
│                         ▄▀▀ ▄▀█ █▀▀ ▀█▀ █▀▄▀█ █▀▀ █▀█                        │
│                         █▀  █▀█ ▄▄█  █  █ ▀ █ █▄▄ █▀▀                        │
│                                                                              │
│                                                                              │
│                                                                              │
│                                FastMCP 3.4.7                                 │
│                            https://gofastmcp.com                             │
│                                                                              │
│                  🖥  Server:      Alpaca MCP Server, 3.4.7                    │
│                  🚀 Deploy free: https://horizon.prefect.io                  │
│                                                                              │
╰──────────────────────────────────────────────────────────────────────────────╯


[08/27/26 15:48:32] INFO     Starting MCP server 'Alpaca MCP    transport.py:241
                             Server' with transport 'stdio'                     


╭──────────────────────────────────────────────────────────────────────────────╮
│                                                                              │
│                                                                              │
│                         ▄▀▀ ▄▀█ █▀▀ ▀█▀ █▀▄▀█ █▀▀ █▀█                        │
│                         █▀  █▀█ ▄▄█  █  █ ▀ █ █▄▄ █▀▀                        │
│                                                                              │
│                                                                              │
│                                                                              │
│                                FastMCP 3.4.7                                 │
│                            https://gofastmcp.com                             │
│                                                                              │
│                  🖥  Server:      Alpaca MCP Server, 3.4.7                    │
│                  🚀 Deploy free: https://horizon.prefect.io                  │
│                                                                              │
╰──────────────────────────────────────────────────────────────────────────────╯


[08/27/26 15:48:52] INFO     Starting MCP server 'Alpaca MCP    transport.py:241
                             Server' with transport 'stdio'                     


╭──────────────────────────────────────────────────────────────────────────────╮
│                                                                              │
│                                                                              │
│                         ▄▀▀ ▄▀█ █▀▀ ▀█▀ █▀▄▀█ █▀▀ █▀█                        │
│                         █▀  █▀█ ▄▄█  █  █ ▀ █ █▄▄ █▀▀                        │
│                                                                              │
│                                                                              │
│                                                                              │
│                                FastMCP 3.4.7                                 │
│                            https://gofastmcp.com                             │
│                                                                              │
│                  🖥  Server:      Alpaca MCP Server, 3.4.7                    │
│                  🚀 Deploy free: https://horizon.prefect.io                  │
│                                                                              │
╰──────────────────────────────────────────────────────────────────────────────╯


[08/27/26 15:49:00] INFO     Starting MCP server 'Alpaca MCP    transport.py:241
                             Server' with transport 'stdio'                     


╭──────────────────────────────────────────────────────────────────────────────╮
│                                                                              │
│                                                                              │
│                         ▄▀▀ ▄▀█ █▀▀ ▀█▀ █▀▄▀█ █▀▀ █▀█                        │
│                         █▀  █▀█ ▄▄█  █  █ ▀ █ █▄▄ █▀▀                        │
│                                                                              │
│                                                                              │
│                                                                              │
│                                FastMCP 3.4.7                                 │
│                            https://gofastmcp.com                             │
│                                                                              │
│                  🖥  Server:      Alpaca MCP Server, 3.4.7                    │
│                  🚀 Deploy free: https://horizon.prefect.io                  │
│                                                                              │
╰──────────────────────────────────────────────────────────────────────────────╯


[08/27/26 15:49:12] INFO     Starting MCP server 'Alpaca MCP    transport.py:241
                             Server' with transport 'stdio'                     


╭──────────────────────────────────────────────────────────────────────────────╮
│                                                                              │
│                                                                              │
│                         ▄▀▀ ▄▀█ █▀▀ ▀█▀ █▀▄▀█ █▀▀ █▀█                        │
│                         █▀  █▀█ ▄▄█  █  █ ▀ █ █▄▄ █▀▀                        │
│                                                                              │
│                                                                              │
│                                                                              │
│                                FastMCP 3.4.7                                 │
│                            https://gofastmcp.com                             │
│                                                                              │
│                  🖥  Server:      Alpaca MCP Server, 3.4.7                    │
│                  🚀 Deploy free: https://horizon.prefect.io                  │
│                                                                              │
╰──────────────────────────────────────────────────────────────────────────────╯


[08/27/26 15:49:32] INFO     Starting MCP server 'Alpaca MCP    transport.py:241
                             Server' with transport 'stdio'                     


╭──────────────────────────────────────────────────────────────────────────────╮
│                                                                              │
│                                                                              │
│                         ▄▀▀ ▄▀█ █▀▀ ▀█▀ █▀▄▀█ █▀▀ █▀█                        │
│                         █▀  █▀█ ▄▄█  █  █ ▀ █ █▄▄ █▀▀                        │
│                                                                              │
│                                                                              │
│                                                                              │
│                                FastMCP 3.4.7                                 │
│                            https://gofastmcp.com                             │
│                                                                              │
│                  🖥  Server:      Alpaca MCP Server, 3.4.7                    │
│                  🚀 Deploy free: https://horizon.prefect.io                  │
│                                                                              │
╰──────────────────────────────────────────────────────────────────────────────╯


[08/27/26 15:49:52] INFO     Starting MCP server 'Alpaca MCP    transport.py:241
                             Server' with transport 'stdio'                     


╭──────────────────────────────────────────────────────────────────────────────╮
│                                                                              │
│                                                                              │
│                         ▄▀▀ ▄▀█ █▀▀ ▀█▀ █▀▄▀█ █▀▀ █▀█                        │
│                         █▀  █▀█ ▄▄█  █  █ ▀ █ █▄▄ █▀▀                        │
│                                                                              │
│                                                                              │
│                                                                              │
│                                FastMCP 3.4.7                                 │
│                            https://gofastmcp.com                             │
│                                                                              │
│                  🖥  Server:      Alpaca MCP Server, 3.4.7                    │
│                  🚀 Deploy free: https://horizon.prefect.io                  │
│                                                                              │
╰──────────────────────────────────────────────────────────────────────────────╯


[08/27/26 15:50:12] INFO     Starting MCP server 'Alpaca MCP    transport.py:241
                             Server' with transport 'stdio'                     


╭──────────────────────────────────────────────────────────────────────────────╮
│                                                                              │
│                                                                              │
│                         ▄▀▀ ▄▀█ █▀▀ ▀█▀ █▀▄▀█ █▀▀ █▀█                        │
│                         █▀  █▀█ ▄▄█  █  █ ▀ █ █▄▄ █▀▀                        │
│                                                                              │
│                                                                              │
│                                                                              │
│                                FastMCP 3.4.7                                 │
│                            https://gofastmcp.com                             │
│                                                                              │
│                  🖥  Server:      Alpaca MCP Server, 3.4.7                    │
│                  🚀 Deploy free: https://horizon.prefect.io                  │
│                                                                              │
╰──────────────────────────────────────────────────────────────────────────────╯


[08/27/26 15:50:32] INFO     Starting MCP server 'Alpaca MCP    transport.py:241
                             Server' with transport 'stdio'                     


╭──────────────────────────────────────────────────────────────────────────────╮
│                                                                              │
│                                                                              │
│                         ▄▀▀ ▄▀█ █▀▀ ▀█▀ █▀▄▀█ █▀▀ █▀█                        │
│                         █▀  █▀█ ▄▄█  █  █ ▀ █ █▄▄ █▀▀                        │
│                                                                              │
│                                                                              │
│                                                                              │
│                                FastMCP 3.4.7                                 │
│                            https://gofastmcp.com                             │
│                                                                              │
│                  🖥  Server:      Alpaca MCP Server, 3.4.7                    │
│                  🚀 Deploy free: https://horizon.prefect.io                  │
│                                                                              │
╰──────────────────────────────────────────────────────────────────────────────╯


[08/27/26 15:50:52] INFO     Starting MCP server 'Alpaca MCP    transport.py:241
                             Server' with transport 'stdio'                     


╭──────────────────────────────────────────────────────────────────────────────╮
│                                                                              │
│                                                                              │
│                         ▄▀▀ ▄▀█ █▀▀ ▀█▀ █▀▄▀█ █▀▀ █▀█                        │
│                         █▀  █▀█ ▄▄█  █  █ ▀ █ █▄▄ █▀▀                        │
│                                                                              │
│                                                                              │
│                                                                              │
│                                FastMCP 3.4.7                                 │
│                            https://gofastmcp.com                             │
│                                                                              │
│                  🖥  Server:      Alpaca MCP Server, 3.4.7                    │
│                  🚀 Deploy free: https://horizon.prefect.io                  │
│                                                                              │
╰──────────────────────────────────────────────────────────────────────────────╯


[08/27/26 15:51:12] INFO     Starting MCP server 'Alpaca MCP    transport.py:241
                             Server' with transport 'stdio'                     


╭──────────────────────────────────────────────────────────────────────────────╮
│                                                                              │
│                                                                              │
│                         ▄▀▀ ▄▀█ █▀▀ ▀█▀ █▀▄▀█ █▀▀ █▀█                        │
│                         █▀  █▀█ ▄▄█  █  █ ▀ █ █▄▄ █▀▀                        │
│                                                                              │
│                                                                              │
│                                                                              │
│                                FastMCP 3.4.7                                 │
│                            https://gofastmcp.com                             │
│                                                                              │
│                  🖥  Server:      Alpaca MCP Server, 3.4.7                    │
│                  🚀 Deploy free: https://horizon.prefect.io                  │
│                                                                              │
╰──────────────────────────────────────────────────────────────────────────────╯


[08/27/26 15:51:23] INFO     Starting MCP server 'Alpaca MCP    transport.py:241
                             Server' with transport 'stdio'                     


╭──────────────────────────────────────────────────────────────────────────────╮
│                                                                              │
│                                                                              │
│                         ▄▀▀ ▄▀█ █▀▀ ▀█▀ █▀▄▀█ █▀▀ █▀█                        │
│                         █▀  █▀█ ▄▄█  █  █ ▀ █ █▄▄ █▀▀                        │
│                                                                              │
│                                                                              │
│                                                                              │
│                                FastMCP 3.4.7                                 │
│                            https://gofastmcp.com                             │
│                                                                              │
│                  🖥  Server:      Alpaca MCP Server, 3.4.7                    │
│                  🚀 Deploy free: https://horizon.prefect.io                  │
│                                                                              │
╰──────────────────────────────────────────────────────────────────────────────╯


[08/27/26 15:51:32] INFO     Starting MCP server 'Alpaca MCP    transport.py:241
                             Server' with transport 'stdio'                     


╭──────────────────────────────────────────────────────────────────────────────╮
│                                                                              │
│                                                                              │
│                         ▄▀▀ ▄▀█ █▀▀ ▀█▀ █▀▄▀█ █▀▀ █▀█                        │
│                         █▀  █▀█ ▄▄█  █  █ ▀ █ █▄▄ █▀▀                        │
│                                                                              │
│                                                                              │
│                                                                              │
│                                FastMCP 3.4.7                                 │
│                            https://gofastmcp.com                             │
│                                                                              │
│                  🖥  Server:      Alpaca MCP Server, 3.4.7                    │
│                  🚀 Deploy free: https://horizon.prefect.io                  │
│                                                                              │
╰──────────────────────────────────────────────────────────────────────────────╯


[08/27/26 15:51:38] INFO     Starting MCP server 'Alpaca MCP    transport.py:241
                             Server' with transport 'stdio'                     


╭──────────────────────────────────────────────────────────────────────────────╮
│                                                                              │
│                                                                              │
│                         ▄▀▀ ▄▀█ █▀▀ ▀█▀ █▀▄▀█ █▀▀ █▀█                        │
│                         █▀  █▀█ ▄▄█  █  █ ▀ █ █▄▄ █▀▀                        │
│                                                                              │
│                                                                              │
│                                                                              │
│                                FastMCP 3.4.7                                 │
│                            https://gofastmcp.com                             │
│                                                                              │
│                  🖥  Server:      Alpaca MCP Server, 3.4.7                    │
│                  🚀 Deploy free: https://horizon.prefect.io                  │
│                                                                              │
╰──────────────────────────────────────────────────────────────────────────────╯


[08/27/26 15:51:52] INFO     Starting MCP server 'Alpaca MCP    transport.py:241
                             Server' with transport 'stdio'                     


╭──────────────────────────────────────────────────────────────────────────────╮
│                                                                              │
│                                                                              │
│                         ▄▀▀ ▄▀█ █▀▀ ▀█▀ █▀▄▀█ █▀▀ █▀█                        │
│                         █▀  █▀█ ▄▄█  █  █ ▀ █ █▄▄ █▀▀                        │
│                                                                              │
│                                                                              │
│                                                                              │
│                                FastMCP 3.4.7                                 │
│                            https://gofastmcp.com                             │
│                                                                              │
│                  🖥  Server:      Alpaca MCP Server, 3.4.7                    │
│                  🚀 Deploy free: https://horizon.prefect.io                  │
│                                                                              │
╰──────────────────────────────────────────────────────────────────────────────╯


[08/27/26 15:52:12] INFO     Starting MCP server 'Alpaca MCP    transport.py:241
                             Server' with transport 'stdio'                     


╭──────────────────────────────────────────────────────────────────────────────╮
│                                                                              │
│                                                                              │
│                         ▄▀▀ ▄▀█ █▀▀ ▀█▀ █▀▄▀█ █▀▀ █▀█                        │
│                         █▀  █▀█ ▄▄█  █  █ ▀ █ █▄▄ █▀▀                        │
│                                                                              │
│                                                                              │
│                                                                              │
│                                FastMCP 3.4.7                                 │
│                            https://gofastmcp.com                             │
│                                                                              │
│                  🖥  Server:      Alpaca MCP Server, 3.4.7                    │
│                  🚀 Deploy free: https://horizon.prefect.io                  │
│                                                                              │
╰──────────────────────────────────────────────────────────────────────────────╯


[08/27/26 15:52:24] INFO     Starting MCP server 'Alpaca MCP    transport.py:241
                             Server' with transport 'stdio'                     


╭──────────────────────────────────────────────────────────────────────────────╮
│                                                                              │
│                                                                              │
│                         ▄▀▀ ▄▀█ █▀▀ ▀█▀ █▀▄▀█ █▀▀ █▀█                        │
│                         █▀  █▀█ ▄▄█  █  █ ▀ █ █▄▄ █▀▀                        │
│                                                                              │
│                                                                              │
│                                                                              │
│                                FastMCP 3.4.7                                 │
│                            https://gofastmcp.com                             │
│                                                                              │
│                  🖥  Server:      Alpaca MCP Server, 3.4.7                    │
│                  🚀 Deploy free: https://horizon.prefect.io                  │
│                                                                              │
╰──────────────────────────────────────────────────────────────────────────────╯


[08/27/26 15:52:32] INFO     Starting MCP server 'Alpaca MCP    transport.py:241
                             Server' with transport 'stdio'                     


╭──────────────────────────────────────────────────────────────────────────────╮
│                                                                              │
│                                                                              │
│                         ▄▀▀ ▄▀█ █▀▀ ▀█▀ █▀▄▀█ █▀▀ █▀█                        │
│                         █▀  █▀█ ▄▄█  █  █ ▀ █ █▄▄ █▀▀                        │
│                                                                              │
│                                                                              │
│                                                                              │
│                                FastMCP 3.4.7                                 │
│                            https://gofastmcp.com                             │
│                                                                              │
│                  🖥  Server:      Alpaca MCP Server, 3.4.7                    │
│                  🚀 Deploy free: https://horizon.prefect.io                  │
│                                                                              │
╰──────────────────────────────────────────────────────────────────────────────╯


[08/27/26 15:52:52] INFO     Starting MCP server 'Alpaca MCP    transport.py:241
                             Server' with transport 'stdio'                     


╭──────────────────────────────────────────────────────────────────────────────╮
│                                                                              │
│                                                                              │
│                         ▄▀▀ ▄▀█ █▀▀ ▀█▀ █▀▄▀█ █▀▀ █▀█                        │
│                         █▀  █▀█ ▄▄█  █  █ ▀ █ █▄▄ █▀▀                        │
│                                                                              │
│                                                                              │
│                                                                              │
│                                FastMCP 3.4.7                                 │
│                            https://gofastmcp.com                             │
│                                                                              │
│                  🖥  Server:      Alpaca MCP Server, 3.4.7                    │
│                  🚀 Deploy free: https://horizon.prefect.io                  │
│                                                                              │
╰──────────────────────────────────────────────────────────────────────────────╯


[08/27/26 15:53:12] INFO     Starting MCP server 'Alpaca MCP    transport.py:241
                             Server' with transport 'stdio'                     


╭──────────────────────────────────────────────────────────────────────────────╮
│                                                                              │
│                                                                              │
│                         ▄▀▀ ▄▀█ █▀▀ ▀█▀ █▀▄▀█ █▀▀ █▀█                        │
│                         █▀  █▀█ ▄▄█  █  █ ▀ █ █▄▄ █▀▀                        │
│                                                                              │
│                                                                              │
│                                                                              │
│                                FastMCP 3.4.7                                 │
│                            https://gofastmcp.com                             │
│                                                                              │
│                  🖥  Server:      Alpaca MCP Server, 3.4.7                    │
│                  🚀 Deploy free: https://horizon.prefect.io                  │
│                                                                              │
╰──────────────────────────────────────────────────────────────────────────────╯


[08/27/26 15:53:32] INFO     Starting MCP server 'Alpaca MCP    transport.py:241
                             Server' with transport 'stdio'                     


╭──────────────────────────────────────────────────────────────────────────────╮
│                                                                              │
│                                                                              │
│                         ▄▀▀ ▄▀█ █▀▀ ▀█▀ █▀▄▀█ █▀▀ █▀█                        │
│                         █▀  █▀█ ▄▄█  █  █ ▀ █ █▄▄ █▀▀                        │
│                                                                              │
│                                                                              │
│                                                                              │
│                                FastMCP 3.4.7                                 │
│                            https://gofastmcp.com                             │
│                                                                              │
│                  🖥  Server:      Alpaca MCP Server, 3.4.7                    │
│                  🚀 Deploy free: https://horizon.prefect.io                  │
│                                                                              │
╰──────────────────────────────────────────────────────────────────────────────╯


[08/27/26 15:53:52] INFO     Starting MCP server 'Alpaca MCP    transport.py:241
                             Server' with transport 'stdio'                     


╭──────────────────────────────────────────────────────────────────────────────╮
│                                                                              │
│                                                                              │
│                         ▄▀▀ ▄▀█ █▀▀ ▀█▀ █▀▄▀█ █▀▀ █▀█                        │
│                         █▀  █▀█ ▄▄█  █  █ ▀ █ █▄▄ █▀▀                        │
│                                                                              │
│                                                                              │
│                                                                              │
│                                FastMCP 3.4.7                                 │
│                            https://gofastmcp.com                             │
│                                                                              │
│                  🖥  Server:      Alpaca MCP Server, 3.4.7                    │
│                  🚀 Deploy free: https://horizon.prefect.io                  │
│                                                                              │
╰──────────────────────────────────────────────────────────────────────────────╯


[08/27/26 15:54:12] INFO     Starting MCP server 'Alpaca MCP    transport.py:241
                             Server' with transport 'stdio'                     


╭──────────────────────────────────────────────────────────────────────────────╮
│                                                                              │
│                                                                              │
│                         ▄▀▀ ▄▀█ █▀▀ ▀█▀ █▀▄▀█ █▀▀ █▀█                        │
│                         █▀  █▀█ ▄▄█  █  █ ▀ █ █▄▄ █▀▀                        │
│                                                                              │
│                                                                              │
│                                                                              │
│                                FastMCP 3.4.7                                 │
│                            https://gofastmcp.com                             │
│                                                                              │
│                  🖥  Server:      Alpaca MCP Server, 3.4.7                    │
│                  🚀 Deploy free: https://horizon.prefect.io                  │
│                                                                              │
╰──────────────────────────────────────────────────────────────────────────────╯


[08/27/26 15:54:32] INFO     Starting MCP server 'Alpaca MCP    transport.py:241
                             Server' with transport 'stdio'                     


╭──────────────────────────────────────────────────────────────────────────────╮
│                                                                              │
│                                                                              │
│                         ▄▀▀ ▄▀█ █▀▀ ▀█▀ █▀▄▀█ █▀▀ █▀█                        │
│                         █▀  █▀█ ▄▄█  █  █ ▀ █ █▄▄ █▀▀                        │
│                                                                              │
│                                                                              │
│                                                                              │
│                                FastMCP 3.4.7                                 │
│                            https://gofastmcp.com                             │
│                                                                              │
│                  🖥  Server:      Alpaca MCP Server, 3.4.7                    │
│                  🚀 Deploy free: https://horizon.prefect.io                  │
│                                                                              │
╰──────────────────────────────────────────────────────────────────────────────╯


[08/27/26 15:54:52] INFO     Starting MCP server 'Alpaca MCP    transport.py:241
                             Server' with transport 'stdio'                     


╭──────────────────────────────────────────────────────────────────────────────╮
│                                                                              │
│                                                                              │
│                         ▄▀▀ ▄▀█ █▀▀ ▀█▀ █▀▄▀█ █▀▀ █▀█                        │
│                         █▀  █▀█ ▄▄█  █  █ ▀ █ █▄▄ █▀▀                        │
│                                                                              │
│                                                                              │
│                                                                              │
│                                FastMCP 3.4.7                                 │
│                            https://gofastmcp.com                             │
│                                                                              │
│                  🖥  Server:      Alpaca MCP Server, 3.4.7                    │
│                  🚀 Deploy free: https://horizon.prefect.io                  │
│                                                                              │
╰──────────────────────────────────────────────────────────────────────────────╯


[08/27/26 15:55:12] INFO     Starting MCP server 'Alpaca MCP    transport.py:241
                             Server' with transport 'stdio'                     


╭──────────────────────────────────────────────────────────────────────────────╮
│                                                                              │
│                                                                              │
│                         ▄▀▀ ▄▀█ █▀▀ ▀█▀ █▀▄▀█ █▀▀ █▀█                        │
│                         █▀  █▀█ ▄▄█  █  █ ▀ █ █▄▄ █▀▀                        │
│                                                                              │
│                                                                              │
│                                                                              │
│                                FastMCP 3.4.7                                 │
│                            https://gofastmcp.com                             │
│                                                                              │
│                  🖥  Server:      Alpaca MCP Server, 3.4.7                    │
│                  🚀 Deploy free: https://horizon.prefect.io                  │
│                                                                              │
╰──────────────────────────────────────────────────────────────────────────────╯


[08/27/26 15:55:32] INFO     Starting MCP server 'Alpaca MCP    transport.py:241
                             Server' with transport 'stdio'                     


╭──────────────────────────────────────────────────────────────────────────────╮
│                                                                              │
│                                                                              │
│                         ▄▀▀ ▄▀█ █▀▀ ▀█▀ █▀▄▀█ █▀▀ █▀█                        │
│                         █▀  █▀█ ▄▄█  █  █ ▀ █ █▄▄ █▀▀                        │
│                                                                              │
│                                                                              │
│                                                                              │
│                                FastMCP 3.4.7                                 │
│                            https://gofastmcp.com                             │
│                                                                              │
│                  🖥  Server:      Alpaca MCP Server, 3.4.7                    │
│                  🚀 Deploy free: https://horizon.prefect.io                  │
│                                                                              │
╰──────────────────────────────────────────────────────────────────────────────╯


[08/27/26 15:55:52] INFO     Starting MCP server 'Alpaca MCP    transport.py:241
                             Server' with transport 'stdio'                     


╭──────────────────────────────────────────────────────────────────────────────╮
│                                                                              │
│                                                                              │
│                         ▄▀▀ ▄▀█ █▀▀ ▀█▀ █▀▄▀█ █▀▀ █▀█                        │
│                         █▀  █▀█ ▄▄█  █  █ ▀ █ █▄▄ █▀▀                        │
│                                                                              │
│                                                                              │
│                                                                              │
│                                FastMCP 3.4.7                                 │
│                            https://gofastmcp.com                             │
│                                                                              │
│                  🖥  Server:      Alpaca MCP Server, 3.4.7                    │
│                  🚀 Deploy free: https://horizon.prefect.io                  │
│                                                                              │
╰──────────────────────────────────────────────────────────────────────────────╯


[08/27/26 15:56:12] INFO     Starting MCP server 'Alpaca MCP    transport.py:241
                             Server' with transport 'stdio'                     


╭──────────────────────────────────────────────────────────────────────────────╮
│                                                                              │
│                                                                              │
│                         ▄▀▀ ▄▀█ █▀▀ ▀█▀ █▀▄▀█ █▀▀ █▀█                        │
│                         █▀  █▀█ ▄▄█  █  █ ▀ █ █▄▄ █▀▀                        │
│                                                                              │
│                                                                              │
│                                                                              │
│                                FastMCP 3.4.7                                 │
│                            https://gofastmcp.com                             │
│                                                                              │
│                  🖥  Server:      Alpaca MCP Server, 3.4.7                    │
│                  🚀 Deploy free: https://horizon.prefect.io                  │
│                                                                              │
╰──────────────────────────────────────────────────────────────────────────────╯


[08/27/26 15:56:32] INFO     Starting MCP server 'Alpaca MCP    transport.py:241
                             Server' with transport 'stdio'                     


╭──────────────────────────────────────────────────────────────────────────────╮
│                                                                              │
│                                                                              │
│                         ▄▀▀ ▄▀█ █▀▀ ▀█▀ █▀▄▀█ █▀▀ █▀█                        │
│                         █▀  █▀█ ▄▄█  █  █ ▀ █ █▄▄ █▀▀                        │
│                                                                              │
│                                                                              │
│                                                                              │
│                                FastMCP 3.4.7                                 │
│                            https://gofastmcp.com                             │
│                                                                              │
│                  🖥  Server:      Alpaca MCP Server, 3.4.7                    │
│                  🚀 Deploy free: https://horizon.prefect.io                  │
│                                                                              │
╰──────────────────────────────────────────────────────────────────────────────╯


[08/27/26 15:56:52] INFO     Starting MCP server 'Alpaca MCP    transport.py:241
                             Server' with transport 'stdio'                     


╭──────────────────────────────────────────────────────────────────────────────╮
│                                                                              │
│                                                                              │
│                         ▄▀▀ ▄▀█ █▀▀ ▀█▀ █▀▄▀█ █▀▀ █▀█                        │
│                         █▀  █▀█ ▄▄█  █  █ ▀ █ █▄▄ █▀▀                        │
│                                                                              │
│                                                                              │
│                                                                              │
│                                FastMCP 3.4.7                                 │
│                            https://gofastmcp.com                             │
│                                                                              │
│                  🖥  Server:      Alpaca MCP Server, 3.4.7                    │
│                  🚀 Deploy free: https://horizon.prefect.io                  │
│                                                                              │
╰──────────────────────────────────────────────────────────────────────────────╯


[08/27/26 15:57:12] INFO     Starting MCP server 'Alpaca MCP    transport.py:241
                             Server' with transport 'stdio'                     


╭──────────────────────────────────────────────────────────────────────────────╮
│                                                                              │
│                                                                              │
│                         ▄▀▀ ▄▀█ █▀▀ ▀█▀ █▀▄▀█ █▀▀ █▀█                        │
│                         █▀  █▀█ ▄▄█  █  █ ▀ █ █▄▄ █▀▀                        │
│                                                                              │
│                                                                              │
│                                                                              │
│                                FastMCP 3.4.7                                 │
│                            https://gofastmcp.com                             │
│                                                                              │
│                  🖥  Server:      Alpaca MCP Server, 3.4.7                    │
│                  🚀 Deploy free: https://horizon.prefect.io                  │
│                                                                              │
╰──────────────────────────────────────────────────────────────────────────────╯


[08/27/26 15:57:22] INFO     Starting MCP server 'Alpaca MCP    transport.py:241
                             Server' with transport 'stdio'                     


╭──────────────────────────────────────────────────────────────────────────────╮
│                                                                              │
│                                                                              │
│                         ▄▀▀ ▄▀█ █▀▀ ▀█▀ █▀▄▀█ █▀▀ █▀█                        │
│                         █▀  █▀█ ▄▄█  █  █ ▀ █ █▄▄ █▀▀                        │
│                                                                              │
│                                                                              │
│                                                                              │
│                                FastMCP 3.4.7                                 │
│                            https://gofastmcp.com                             │
│                                                                              │
│                  🖥  Server:      Alpaca MCP Server, 3.4.7                    │
│                  🚀 Deploy free: https://horizon.prefect.io                  │
│                                                                              │
╰──────────────────────────────────────────────────────────────────────────────╯


[08/27/26 15:57:25] INFO     Starting MCP server 'Alpaca MCP    transport.py:241
                             Server' with transport 'stdio'                     


╭──────────────────────────────────────────────────────────────────────────────╮
│                                                                              │
│                                                                              │
│                         ▄▀▀ ▄▀█ █▀▀ ▀█▀ █▀▄▀█ █▀▀ █▀█                        │
│                         █▀  █▀█ ▄▄█  █  █ ▀ █ █▄▄ █▀▀                        │
│                                                                              │
│                                                                              │
│                                                                              │
│                                FastMCP 3.4.7                                 │
│                            https://gofastmcp.com                             │
│                                                                              │
│                  🖥  Server:      Alpaca MCP Server, 3.4.7                    │
│                  🚀 Deploy free: https://horizon.prefect.io                  │
│                                                                              │
╰──────────────────────────────────────────────────────────────────────────────╯


[08/27/26 15:57:27] INFO     Starting MCP server 'Alpaca MCP    transport.py:241
                             Server' with transport 'stdio'                     


╭──────────────────────────────────────────────────────────────────────────────╮
│                                                                              │
│                                                                              │
│                         ▄▀▀ ▄▀█ █▀▀ ▀█▀ █▀▄▀█ █▀▀ █▀█                        │
│                         █▀  █▀█ ▄▄█  █  █ ▀ █ █▄▄ █▀▀                        │
│                                                                              │
│                                                                              │
│                                                                              │
│                                FastMCP 3.4.7                                 │
│                            https://gofastmcp.com                             │
│                                                                              │
│                  🖥  Server:      Alpaca MCP Server, 3.4.7                    │
│                  🚀 Deploy free: https://horizon.prefect.io                  │
│                                                                              │
╰──────────────────────────────────────────────────────────────────────────────╯


[08/27/26 15:57:45] INFO     Starting MCP server 'Alpaca MCP    transport.py:241
                             Server' with transport 'stdio'                     


╭──────────────────────────────────────────────────────────────────────────────╮
│                                                                              │
│                                                                              │
│                         ▄▀▀ ▄▀█ █▀▀ ▀█▀ █▀▄▀█ █▀▀ █▀█                        │
│                         █▀  █▀█ ▄▄█  █  █ ▀ █ █▄▄ █▀▀                        │
│                                                                              │
│                                                                              │
│                                                                              │
│                                FastMCP 3.4.7                                 │
│                            https://gofastmcp.com                             │
│                                                                              │
│                  🖥  Server:      Alpaca MCP Server, 3.4.7                    │
│                  🚀 Deploy free: https://horizon.prefect.io                  │
│                                                                              │
╰──────────────────────────────────────────────────────────────────────────────╯


[08/27/26 15:58:05] INFO     Starting MCP server 'Alpaca MCP    transport.py:241
                             Server' with transport 'stdio'                     


╭──────────────────────────────────────────────────────────────────────────────╮
│                                                                              │
│                                                                              │
│                         ▄▀▀ ▄▀█ █▀▀ ▀█▀ █▀▄▀█ █▀▀ █▀█                        │
│                         █▀  █▀█ ▄▄█  █  █ ▀ █ █▄▄ █▀▀                        │
│                                                                              │
│                                                                              │
│                                                                              │
│                                FastMCP 3.4.7                                 │
│                            https://gofastmcp.com                             │
│                                                                              │
│                  🖥  Server:      Alpaca MCP Server, 3.4.7                    │
│                  🚀 Deploy free: https://horizon.prefect.io                  │
│                                                                              │
╰──────────────────────────────────────────────────────────────────────────────╯


[08/27/26 15:58:16] INFO     Starting MCP server 'Alpaca MCP    transport.py:241
                             Server' with transport 'stdio'                     


╭──────────────────────────────────────────────────────────────────────────────╮
│                                                                              │
│                                                                              │
│                         ▄▀▀ ▄▀█ █▀▀ ▀█▀ █▀▄▀█ █▀▀ █▀█                        │
│                         █▀  █▀█ ▄▄█  █  █ ▀ █ █▄▄ █▀▀                        │
│                                                                              │
│                                                                              │
│                                                                              │
│                                FastMCP 3.4.7                                 │
│                            https://gofastmcp.com                             │
│                                                                              │
│                  🖥  Server:      Alpaca MCP Server, 3.4.7                    │
│                  🚀 Deploy free: https://horizon.prefect.io                  │
│                                                                              │
╰──────────────────────────────────────────────────────────────────────────────╯


[08/27/26 15:58:18] INFO     Starting MCP server 'Alpaca MCP    transport.py:241
                             Server' with transport 'stdio'                     


╭──────────────────────────────────────────────────────────────────────────────╮
│                                                                              │
│                                                                              │
│                         ▄▀▀ ▄▀█ █▀▀ ▀█▀ █▀▄▀█ █▀▀ █▀█                        │
│                         █▀  █▀█ ▄▄█  █  █ ▀ █ █▄▄ █▀▀                        │
│                                                                              │
│                                                                              │
│                                                                              │
│                                FastMCP 3.4.7                                 │
│                            https://gofastmcp.com                             │
│                                                                              │
│                  🖥  Server:      Alpaca MCP Server, 3.4.7                    │
│                  🚀 Deploy free: https://horizon.prefect.io                  │
│                                                                              │
╰──────────────────────────────────────────────────────────────────────────────╯


[08/27/26 15:58:36] INFO     Starting MCP server 'Alpaca MCP    transport.py:241
                             Server' with transport 'stdio'                     


╭──────────────────────────────────────────────────────────────────────────────╮
│                                                                              │
│                                                                              │
│                         ▄▀▀ ▄▀█ █▀▀ ▀█▀ █▀▄▀█ █▀▀ █▀█                        │
│                         █▀  █▀█ ▄▄█  █  █ ▀ █ █▄▄ █▀▀                        │
│                                                                              │
│                                                                              │
│                                                                              │
│                                FastMCP 3.4.7                                 │
│                            https://gofastmcp.com                             │
│                                                                              │
│                  🖥  Server:      Alpaca MCP Server, 3.4.7                    │
│                  🚀 Deploy free: https://horizon.prefect.io                  │
│                                                                              │
╰──────────────────────────────────────────────────────────────────────────────╯


[08/27/26 15:58:56] INFO     Starting MCP server 'Alpaca MCP    transport.py:241
                             Server' with transport 'stdio'                     


╭──────────────────────────────────────────────────────────────────────────────╮
│                                                                              │
│                                                                              │
│                         ▄▀▀ ▄▀█ █▀▀ ▀█▀ █▀▄▀█ █▀▀ █▀█                        │
│                         █▀  █▀█ ▄▄█  █  █ ▀ █ █▄▄ █▀▀                        │
│                                                                              │
│                                                                              │
│                                                                              │
│                                FastMCP 3.4.7                                 │
│                            https://gofastmcp.com                             │
│                                                                              │
│                  🖥  Server:      Alpaca MCP Server, 3.4.7                    │
│                  🚀 Deploy free: https://horizon.prefect.io                  │
│                                                                              │
╰──────────────────────────────────────────────────────────────────────────────╯


[08/27/26 15:59:16] INFO     Starting MCP server 'Alpaca MCP    transport.py:241
                             Server' with transport 'stdio'                     


╭──────────────────────────────────────────────────────────────────────────────╮
│                                                                              │
│                                                                              │
│                         ▄▀▀ ▄▀█ █▀▀ ▀█▀ █▀▄▀█ █▀▀ █▀█                        │
│                         █▀  █▀█ ▄▄█  █  █ ▀ █ █▄▄ █▀▀                        │
│                                                                              │
│                                                                              │
│                                                                              │
│                                FastMCP 3.4.7                                 │
│                            https://gofastmcp.com                             │
│                                                                              │
│                  🖥  Server:      Alpaca MCP Server, 3.4.7                    │
│                  🚀 Deploy free: https://horizon.prefect.io                  │
│                                                                              │
╰──────────────────────────────────────────────────────────────────────────────╯


[08/27/26 15:59:36] INFO     Starting MCP server 'Alpaca MCP    transport.py:241
                             Server' with transport 'stdio'                     


╭──────────────────────────────────────────────────────────────────────────────╮
│                                                                              │
│                                                                              │
│                         ▄▀▀ ▄▀█ █▀▀ ▀█▀ █▀▄▀█ █▀▀ █▀█                        │
│                         █▀  █▀█ ▄▄█  █  █ ▀ █ █▄▄ █▀▀                        │
│                                                                              │
│                                                                              │
│                                                                              │
│                                FastMCP 3.4.7                                 │
│                            https://gofastmcp.com                             │
│                                                                              │
│                  🖥  Server:      Alpaca MCP Server, 3.4.7                    │
│                  🚀 Deploy free: https://horizon.prefect.io                  │
│                                                                              │
╰──────────────────────────────────────────────────────────────────────────────╯


[08/27/26 15:59:56] INFO     Starting MCP server 'Alpaca MCP    transport.py:241
                             Server' with transport 'stdio'                     


╭──────────────────────────────────────────────────────────────────────────────╮
│                                                                              │
│                                                                              │
│                         ▄▀▀ ▄▀█ █▀▀ ▀█▀ █▀▄▀█ █▀▀ █▀█                        │
│                         █▀  █▀█ ▄▄█  █  █ ▀ █ █▄▄ █▀▀                        │
│                                                                              │
│                                                                              │
│                                                                              │
│                                FastMCP 3.4.7                                 │
│                            https://gofastmcp.com                             │
│                                                                              │
│                  🖥  Server:      Alpaca MCP Server, 3.4.7                    │
│                  🚀 Deploy free: https://horizon.prefect.io                  │
│                                                                              │
╰──────────────────────────────────────────────────────────────────────────────╯


[08/27/26 16:00:16] INFO     Starting MCP server 'Alpaca MCP    transport.py:241
                             Server' with transport 'stdio'                     


╭──────────────────────────────────────────────────────────────────────────────╮
│                                                                              │
│                                                                              │
│                         ▄▀▀ ▄▀█ █▀▀ ▀█▀ █▀▄▀█ █▀▀ █▀█                        │
│                         █▀  █▀█ ▄▄█  █  █ ▀ █ █▄▄ █▀▀                        │
│                                                                              │
│                                                                              │
│                                                                              │
│                                FastMCP 3.4.7                                 │
│                            https://gofastmcp.com                             │
│                                                                              │
│                  🖥  Server:      Alpaca MCP Server, 3.4.7                    │
│                  🚀 Deploy free: https://horizon.prefect.io                  │
│                                                                              │
╰──────────────────────────────────────────────────────────────────────────────╯


[08/27/26 16:00:36] INFO     Starting MCP server 'Alpaca MCP    transport.py:241
                             Server' with transport 'stdio'                     


╭──────────────────────────────────────────────────────────────────────────────╮
│                                                                              │
│                                                                              │
│                         ▄▀▀ ▄▀█ █▀▀ ▀█▀ █▀▄▀█ █▀▀ █▀█                        │
│                         █▀  █▀█ ▄▄█  █  █ ▀ █ █▄▄ █▀▀                        │
│                                                                              │
│                                                                              │
│                                                                              │
│                                FastMCP 3.4.7                                 │
│                            https://gofastmcp.com                             │
│                                                                              │
│                  🖥  Server:      Alpaca MCP Server, 3.4.7                    │
│                  🚀 Deploy free: https://horizon.prefect.io                  │
│                                                                              │
╰──────────────────────────────────────────────────────────────────────────────╯


[08/27/26 16:00:56] INFO     Starting MCP server 'Alpaca MCP    transport.py:241
                             Server' with transport 'stdio'                     


╭──────────────────────────────────────────────────────────────────────────────╮
│                                                                              │
│                                                                              │
│                         ▄▀▀ ▄▀█ █▀▀ ▀█▀ █▀▄▀█ █▀▀ █▀█                        │
│                         █▀  █▀█ ▄▄█  █  █ ▀ █ █▄▄ █▀▀                        │
│                                                                              │
│                                                                              │
│                                                                              │
│                                FastMCP 3.4.7                                 │
│                            https://gofastmcp.com                             │
│                                                                              │
│                  🖥  Server:      Alpaca MCP Server, 3.4.7                    │
│                  🚀 Deploy free: https://horizon.prefect.io                  │
│                                                                              │
╰──────────────────────────────────────────────────────────────────────────────╯


[08/27/26 16:01:16] INFO     Starting MCP server 'Alpaca MCP    transport.py:241
                             Server' with transport 'stdio'                     


╭──────────────────────────────────────────────────────────────────────────────╮
│                                                                              │
│                                                                              │
│                         ▄▀▀ ▄▀█ █▀▀ ▀█▀ █▀▄▀█ █▀▀ █▀█                        │
│                         █▀  █▀█ ▄▄█  █  █ ▀ █ █▄▄ █▀▀                        │
│                                                                              │
│                                                                              │
│                                                                              │
│                                FastMCP 3.4.7                                 │
│                            https://gofastmcp.com                             │
│                                                                              │
│                  🖥  Server:      Alpaca MCP Server, 3.4.7                    │
│                  🚀 Deploy free: https://horizon.prefect.io                  │
│                                                                              │
╰──────────────────────────────────────────────────────────────────────────────╯


[08/27/26 16:01:17] INFO     Starting MCP server 'Alpaca MCP    transport.py:241
                             Server' with transport 'stdio'                     


╭──────────────────────────────────────────────────────────────────────────────╮
│                                                                              │
│                                                                              │
│                         ▄▀▀ ▄▀█ █▀▀ ▀█▀ █▀▄▀█ █▀▀ █▀█                        │
│                         █▀  █▀█ ▄▄█  █  █ ▀ █ █▄▄ █▀▀                        │
│                                                                              │
│                                                                              │
│                                                                              │
│                                FastMCP 3.4.7                                 │
│                            https://gofastmcp.com                             │
│                                                                              │
│                  🖥  Server:      Alpaca MCP Server, 3.4.7                    │
│                  🚀 Deploy free: https://horizon.prefect.io                  │
│                                                                              │
╰──────────────────────────────────────────────────────────────────────────────╯


[08/27/26 16:01:26] INFO     Starting MCP server 'Alpaca MCP    transport.py:241
                             Server' with transport 'stdio'                     


╭──────────────────────────────────────────────────────────────────────────────╮
│                                                                              │
│                                                                              │
│                         ▄▀▀ ▄▀█ █▀▀ ▀█▀ █▀▄▀█ █▀▀ █▀█                        │
│                         █▀  █▀█ ▄▄█  █  █ ▀ █ █▄▄ █▀▀                        │
│                                                                              │
│                                                                              │
│                                                                              │
│                                FastMCP 3.4.7                                 │
│                            https://gofastmcp.com                             │
│                                                                              │
│                  🖥  Server:      Alpaca MCP Server, 3.4.7                    │
│                  🚀 Deploy free: https://horizon.prefect.io                  │
│                                                                              │
╰──────────────────────────────────────────────────────────────────────────────╯


[08/27/26 16:01:37] INFO     Starting MCP server 'Alpaca MCP    transport.py:241
                             Server' with transport 'stdio'                     


╭──────────────────────────────────────────────────────────────────────────────╮
│                                                                              │
│                                                                              │
│                         ▄▀▀ ▄▀█ █▀▀ ▀█▀ █▀▄▀█ █▀▀ █▀█                        │
│                         █▀  █▀█ ▄▄█  █  █ ▀ █ █▄▄ █▀▀                        │
│                                                                              │
│                                                                              │
│                                                                              │
│                                FastMCP 3.4.7                                 │
│                            https://gofastmcp.com                             │
│                                                                              │
│                  🖥  Server:      Alpaca MCP Server, 3.4.7                    │
│                  🚀 Deploy free: https://horizon.prefect.io                  │
│                                                                              │
╰──────────────────────────────────────────────────────────────────────────────╯


[08/27/26 16:01:57] INFO     Starting MCP server 'Alpaca MCP    transport.py:241
                             Server' with transport 'stdio'                     


╭──────────────────────────────────────────────────────────────────────────────╮
│                                                                              │
│                                                                              │
│                         ▄▀▀ ▄▀█ █▀▀ ▀█▀ █▀▄▀█ █▀▀ █▀█                        │
│                         █▀  █▀█ ▄▄█  █  █ ▀ █ █▄▄ █▀▀                        │
│                                                                              │
│                                                                              │
│                                                                              │
│                                FastMCP 3.4.7                                 │
│                            https://gofastmcp.com                             │
│                                                                              │
│                  🖥  Server:      Alpaca MCP Server, 3.4.7                    │
│                  🚀 Deploy free: https://horizon.prefect.io                  │
│                                                                              │
╰──────────────────────────────────────────────────────────────────────────────╯


[08/27/26 16:02:02] INFO     Starting MCP server 'Alpaca MCP    transport.py:241
                             Server' with transport 'stdio'                     


╭──────────────────────────────────────────────────────────────────────────────╮
│                                                                              │
│                                                                              │
│                         ▄▀▀ ▄▀█ █▀▀ ▀█▀ █▀▄▀█ █▀▀ █▀█                        │
│                         █▀  █▀█ ▄▄█  █  █ ▀ █ █▄▄ █▀▀                        │
│                                                                              │
│                                                                              │
│                                                                              │
│                                FastMCP 3.4.7                                 │
│                            https://gofastmcp.com                             │
│                                                                              │
│                  🖥  Server:      Alpaca MCP Server, 3.4.7                    │
│                  🚀 Deploy free: https://horizon.prefect.io                  │
│                                                                              │
╰──────────────────────────────────────────────────────────────────────────────╯


[08/27/26 16:02:17] INFO     Starting MCP server 'Alpaca MCP    transport.py:241
                             Server' with transport 'stdio'                     
